,0,1,2,3,4,5,6,7,8
0,北京大学,统考,数学科学学院,,(专业学位)金融,全日制,不区分研究方向,不区分导师,一级学科：17(不含推免)
1,北京大学,统考,数学科学学院,,(专业学位)应用统计,全日制,生物统计,不区分导师,一级学科：12(不含推免)
2,北京大学,统考,数学科学学院,,(专业学位)应用统计,非全日制,生物统计,不区分导师,一级学科：10(不含推免)
3,北京大学,统考,数学科学学院,,(专业学位)应用统计,全日制,金融统计,不区分导师,一级学科：12(不含推免)
4,北京大学,统考,数学科学学院,,(专业学位)应用统计,非全日制,金融统计,不区分导师,一级学科：10(不含推免)
5,北京大学,统考,数学科学学院,,(专业学位)应用统计,全日制,大数据分析,不区分导师,一级学科：12(不含推免)
6,北京大学,统考,数学科学学院,,(专业学位)应用统计,非全日制,大数据分析,不区分导师,一级学科：10(不含推免)
7,北京大学,统考,数学科学学院,,(专业学位)应用统计,全日制,工业统计,不区分导师,一级学科：12(不含推免)
8,北京大学,统考,数学科学学院,,(专业学位)应用统计,非全日制,工业统计,不区分导师,一级学科：10(不含推免)
9,北京大学,统考,数学科学学院,,基础数学,全日制,代数,不区分导师,一级学科：5(不含推免)
10,北京大学,统考,数学科学学院,,基础数学,全日制,微分几何,不区分导师,一级学科：5(不含推免)
11,北京大学,统考,数学科学学院,,基础数学,全日制,拓扑,不区分导师,一级学科：5(不含推免)
12,北京大学,统考,数学科学学院,,基础数学,全日制,常微分方程,不区分导师,一级学科：5(不含推免)
13,北京大学,统考,数学科学学院,,基础数学,全日制,动力系统,不区分导师,一级学科：5(不含推免)
14,北京大学,统考,数学科学学院,,基础数学,全日制,数学物理,不区分导师,一级学科：5(不含推免)
15,北京大学,统考,数学科学学院,,基础数学,全日制,偏微分方程及其应用,不区分导师,一级学科：5(不含推免)
16,北京大学,统考,数学科学学院,,基础数学,全日制,调和分析、复分析,不区分导师,一级学科：5(不含推免)
17,北京大学,统考,数学科学学院,,基础数学,全日制,几何分析,不区分导师,一级学科：5(不含推免)
18,北京大学,统考,数学科学学院,,基础数学,全日制,数论与代数几何,不区分导师,一级学科：5(不含推免)
19,北京大学,统考,数学科学学院,,计算数学,全日制,科学计算,不区分导师,一级学科：5(不含推免)
20,北京大学,统考,数学科学学院,,计算数学,全日制,模型与软件,不区分导师,一级学科：5(不含推免)
21,北京大学,统考,数学科学学院,,概率论与数理统计,全日制,概率论与随机过程,不区分导师,一级学科：5(不含推免)
22,北京大学,统考,数学科学学院,,应用数学,全日制,计算机软件和理论,不区分导师,一级学科：5(不含推免)
23,北京大学,统考,数学科学学院,,应用数学,全日制,密码学与信息安全,不区分导师,一级学科：5(不含推免)
24,北京大学,统考,数学科学学院,,应用数学,全日制,系统生物学,不区分导师,一级学科：5(不含推免)
25,北京大学,统考,数学科学学院,,应用数学,全日制,智能信息处理,不区分导师,一级学科：5(不含推免)
26,北京大学,统考,数学科学学院,,应用数学,全日制,图像重建和处理,不区分导师,一级学科：5(不含推免)
27,北京大学,统考,数学科学学院,,应用数学,全日制,生物信息学,不区分导师,一级学科：5(不含推免)
28,北京大学,统考,数学科学学院,,应用数学,全日制,符号计算与自动推理,不区分导师,一级学科：5(不含推免)
29,北京大学,统考,数学科学学院,,应用数学,全日制,信息物理融合系统,不区分导师,一级学科：5(不含推免)
30,中国人民大学,统考,哲学院,,马克思主义哲学,全日制,不区分研究方向,入学后选择指导教师,专业：9(不含推免)
31,中国人民大学,统考,哲学院,,马克思主义哲学,全日制,援藏计划,入学后选择指导教师,专业：9(不含推免)
32,中国人民大学,统考,哲学院,,中国哲学,全日制,不区分研究方向,入学后选择指导教师,专业：4(不含推免)
33,中国人民大学,统考,哲学院,,外国哲学,全日制,不区分研究方向,入学后选择指导教师,专业：5(不含推免)
34,中国人民大学,统考,哲学院,,逻辑学,全日制,符号逻辑,入学后选择指导教师,专业：3(不含推免)
35,中国人民大学,统考,哲学院,,逻辑学,全日制,逻辑哲学与逻辑史,入学后选择指导教师,专业：3(不含推免)
36,中国人民大学,统考,哲学院,,伦理学,全日制,不区分研究方向,入学后选择指导教师,专业：3(不含推免)
37,中国人民大学,统考,哲学院,,美学,全日制,不区分研究方向,入学后选择指导教师,专业：3(不含推免)
38,中国人民大学,统考,哲学院,,宗教学,全日制,不区分研究方向,入学后选择指导教师,专业：7(不含推免)
39,中国人民大学,统考,哲学院,,宗教学,全日制,援藏计划,入学后选择指导教师,专业：7(不含推免)
40,中国人民大学,统考,哲学院,,科学技术哲学,全日制,科学、技术与社会,入学后选择指导教师,专业：2(不含推免)
41,中国人民大学,统考,哲学院,,科学技术哲学,全日制,科技哲学问题,入学后选择指导教师,专业：2(不含推免)
42,中国人民大学,统考,哲学院,,管理哲学,全日制,不区分研究方向,入学后选择指导教师,专业：1(不含推免)
43,中国人民大学,统考,哲学院,,政治哲学,全日制,不区分研究方向,入学后选择指导教师,专业：1(不含推免)
44,中国人民大学,统考,国学院,,国学,全日制,中国哲学（学制3年）,入学后选择指导教师,专业：1(不含推免)
45,中国人民大学,统考,国学院,,国学,全日制,中国古代文学（学制3年）,入学后选择指导教师,专业：4(不含推免)
46,中国人民大学,统考,国学院,,国学,全日制,汉语言文字学（学制3年）,入学后选择指导教师,专业：4(不含推免)
47,中国人民大学,统考,国学院,,国学,全日制,专门史（学制3年）,入学后选择指导教师,专业：1(不含推免)
48,中国人民大学,统考,国学院,,国学,全日制,中国古代史（学制3年）,入学后选择指导教师,专业：1(不含推免)
49,中国人民大学,统考,经济学院,,政治经济学,全日制,普通硕士,入学后选择指导教师,专业：19(不含推免)
50,中国人民大学,统考,经济学院,,政治经济学,全日制,援藏计划,入学后选择指导教师,专业：19(不含推免)
51,中国人民大学,统考,经济学院,,经济思想史,全日制,普通硕士,入学后选择指导教师,专业：1(不含推免)
52,中国人民大学,统考,经济学院,,经济史,全日制,普通硕士,入学后选择指导教师,专业：1(不含推免)
53,中国人民大学,统考,经济学院,,西方经济学,全日制,普通硕士,入学后选择指导教师,专业：7(不含推免)
54,中国人民大学,统考,经济学院,,世界经济,全日制,普通硕士,入学后选择指导教师,专业：5(不含推免)
55,中国人民大学,统考,经济学院,,网络经济学,全日制,普通硕士,入学后选择指导教师,专业：5(不含推免)
56,中国人民大学,统考,经济学院,,企业经济学,全日制,普通硕士,入学后选择指导教师,专业：3(不含推免)
57,中国人民大学,统考,经济学院,,国民经济学,全日制,普通硕士,入学后选择指导教师,专业：34(不含推免)
58,中国人民大学,统考,经济学院,,国民经济学,全日制,援藏计划,入学后选择指导教师,专业：34(不含推免)
59,中国人民大学,统考,经济学院,,区域经济学,全日制,普通硕士,入学后选择指导教师,专业：6(不含推免)
60,清华大学,统考,建筑学院,,建筑学,全日制,建筑历史与理论,,专业：1(不含推免)
61,清华大学,统考,建筑学院,,建筑学,全日制,建筑技术科学,,专业：1(不含推免)
62,清华大学,统考,建筑学院,,土木工程,全日制,供热、供燃气、通风及空调工程,,专业：1(不含推免)
63,清华大学,统考,建筑学院,,城乡规划学,全日制,城市历史与理论,,专业：1(不含推免)
64,清华大学,统考,建筑学院,,城乡规划学,全日制,城乡规划与设计,,专业：1(不含推免)
65,清华大学,统考,建筑学院,,城乡规划学,全日制,区域发展与城乡规划管理,,专业：1(不含推免)
66,清华大学,统考,建筑学院,,城乡规划学,全日制,住房与社区规划,,专业：1(不含推免)
67,清华大学,统考,建筑学院,,城乡规划学,全日制,城乡遗产保护规划,,专业：1(不含推免)
68,清华大学,统考,建筑学院,,城乡规划学,全日制,城市设计,,专业：1(不含推免)
69,清华大学,统考,建筑学院,,风景园林学,全日制,风景园林历史与理论,,专业：1(不含推免)
70,清华大学,统考,建筑学院,,风景园林学,全日制,园林与景观设计,,专业：1(不含推免)
71,清华大学,统考,建筑学院,,风景园林学,全日制,地景与生态规划,,专业：1(不含推免)
72,清华大学,统考,建筑学院,,风景园林学,全日制,风景园林遗产保护,,专业：1(不含推免)
73,清华大学,统考,建筑学院,,(专业学位)建筑学,全日制,建筑学硕士,,专业：1(不含推免)
74,清华大学,统考,建筑学院,,(专业学位)建筑与土木工程,非全日制,工程硕士,,专业：2(不含推免)
75,清华大学,统考,建筑学院,,(专业学位)城市规划,全日制,城市规划硕士,,专业：1(不含推免)
76,清华大学,统考,建筑学院,,(专业学位)风景园林,全日制,风景园林硕士,,专业：1(不含推免)
77,清华大学,统考,建筑学院,,(专业学位)风景园林,非全日制,风景园林硕士,,专业：2(不含推免)
78,清华大学,统考,土木工程系,,土木工程,全日制,结构工程,,专业：1(不含推免)
79,清华大学,统考,土木工程系,,土木工程,全日制,地下结构,,专业：1(不含推免)
80,清华大学,统考,土木工程系,,土木工程,全日制,岩土工程,,专业：1(不含推免)
81,清华大学,统考,土木工程系,,土木工程,全日制,抗震抗爆工程,,专业：1(不含推免)
82,清华大学,统考,土木工程系,,土木工程,全日制,桥梁结构,,专业：1(不含推免)
83,清华大学,统考,土木工程系,,土木工程,全日制,土木工程信息技术,,专业：1(不含推免)
84,清华大学,统考,土木工程系,,土木工程,全日制,土木工程材料,,专业：1(不含推免)
85,清华大学,统考,土木工程系,,大地测量学与测量工程,全日制,大地测量学与测量工程,,专业：1(不含推免)
86,清华大学,统考,土木工程系,,交通运输工程,全日制,交通运输工程,,专业：1(不含推免)
87,清华大学,统考,土木工程系,,(专业学位)建筑与土木工程,全日制,建筑与土木工程,,专业：1(不含推免)
88,清华大学,统考,土木工程系,,管理科学与工程,全日制,建设项目管理,,专业：1(不含推免)
89,清华大学,统考,土木工程系,,管理科学与工程,全日制,房地产经济与管理,,专业：1(不含推免)
90,北京交通大学,统考,电子信息工程学院,,电子科学与技术,全日制,电磁场与微波技术,,专业：15(不含推免)
91,北京交通大学,统考,电子信息工程学院,,电子科学与技术,全日制,信号处理与电子系统,,专业：15(不含推免)
92,北京交通大学,统考,电子信息工程学院,,电子科学与技术,全日制,微电子与固体电子学,,专业：15(不含推免)
93,北京交通大学,统考,电子信息工程学院,,信息与通信工程,全日制,全光交换、特种光纤及器件,,专业：53(不含推免)
94,北京交通大学,统考,电子信息工程学院,,信息与通信工程,全日制,信息网络,,专业：53(不含推免)
95,北京交通大学,统考,电子信息工程学院,,信息与通信工程,全日制,宽带移动通信系统与专用移动通信,,专业：53(不含推免)
96,北京交通大学,统考,电子信息工程学院,,信息与通信工程,全日制,信息处理与人工智能,,专业：53(不含推免)
97,北京交通大学,统考,电子信息工程学院,,控制科学与工程,全日制,控制理论与控制工程,,专业：5(不含推免)
98,北京交通大学,统考,电子信息工程学院,,控制科学与工程,全日制,智能系统理论与工程,,专业：5(不含推免)
99,北京交通大学,统考,电子信息工程学院,,交通信息工程及控制,全日制,轨道交通自动化与控制,,专业：32(不含推免)
100,北京交通大学,统考,电子信息工程学院,,交通信息工程及控制,全日制,智能交通系统的信息与控制技术,,专业：32(不含推免)
101,北京交通大学,统考,电子信息工程学院,,交通信息工程及控制,全日制,轨道交通系统的电磁环境与电磁兼容,,专业：32(不含推免)
102,北京交通大学,统考,电子信息工程学院,,(专业学位)电子与通信工程,全日制,不区分研究方向,,专业：62(不含推免)
103,北京交通大学,统考,电子信息工程学院,,(专业学位)电子与通信工程,非全日制,不区分研究方向,,专业：50(不含推免)
104,北京交通大学,统考,电子信息工程学院,,(专业学位)控制工程,全日制,不区分研究方向,,专业：41(不含推免)
105,北京交通大学,统考,电子信息工程学院,,(专业学位)控制工程,非全日制,不区分研究方向,,专业：20(不含推免)
106,北京交通大学,统考,计算机与信息技术学院,,信号与信息处理,全日制,数字媒体信息处理,,专业：13(不含推免)
107,北京交通大学,统考,计算机与信息技术学院,,信号与信息处理,全日制,智能感知与人机交互,,专业：13(不含推免)
108,北京交通大学,统考,计算机与信息技术学院,,信号与信息处理,全日制,网络通信与信息处理关键技术,,专业：13(不含推免)
109,北京交通大学,统考,计算机与信息技术学院,,控制科学与工程,全日制,模式识别与智能系统,,专业：3(不含推免)
110,北京交通大学,统考,计算机与信息技术学院,,计算机科学与技术,全日制,机器学习与认知计算,,专业：36(不含推免)
111,北京交通大学,统考,计算机与信息技术学院,,计算机科学与技术,全日制,数据与知识工程,,专业：36(不含推免)
112,北京交通大学,统考,计算机与信息技术学院,,计算机科学与技术,全日制,高性能计算,,专业：36(不含推免)
113,北京交通大学,统考,计算机与信息技术学院,,计算机科学与技术,全日制,移动与互联网络,,专业：36(不含推免)
114,北京交通大学,统考,计算机与信息技术学院,,计算机科学与技术,全日制,轨道交通信息技术,,专业：36(不含推免)
115,北京交通大学,统考,计算机与信息技术学院,,计算机科学与技术,全日制,计算机安全,,专业：36(不含推免)
116,北京交通大学,统考,计算机与信息技术学院,,计算机科学与技术,全日制,医学信息处理,,专业：36(不含推免)
117,北京交通大学,统考,计算机与信息技术学院,,计算机科学与技术,全日制,人工智能及应用,,专业：36(不含推免)
118,北京交通大学,统考,计算机与信息技术学院,,软件工程,全日制,轨道交通软件工程,,专业：3(不含推免)
119,北京交通大学,统考,计算机与信息技术学院,,软件工程,全日制,软件服务技术,,专业：3(不含推免)
120,北京工业大学,统考,机械工程与应用电子技术学院,,力学,全日制,动力学与控制,,专业：26(不含推免)
121,北京工业大学,统考,机械工程与应用电子技术学院,,力学,全日制,固体力学,,专业：26(不含推免)
122,北京工业大学,统考,机械工程与应用电子技术学院,,力学,全日制,流体力学,,专业：26(不含推免)
123,北京工业大学,统考,机械工程与应用电子技术学院,,力学,全日制,工程力学,,专业：26(不含推免)
124,北京工业大学,统考,机械工程与应用电子技术学院,,机械工程,全日制,数字化设计与制造技术,,专业：49(不含推免)
125,北京工业大学,统考,机械工程与应用电子技术学院,,机械工程,全日制,精密数控加工与自动化装备,,专业：49(不含推免)
126,北京工业大学,统考,机械工程与应用电子技术学院,,机械工程,全日制,智能成型制造与系统,,专业：49(不含推免)
127,北京工业大学,统考,机械工程与应用电子技术学院,,机械工程,全日制,机电系统控制及自动化,,专业：49(不含推免)
128,北京工业大学,统考,机械工程与应用电子技术学院,,机械工程,全日制,机构及机器人系统分析与控制,,专业：49(不含推免)
129,北京工业大学,统考,机械工程与应用电子技术学院,,机械工程,全日制,机械及微机电系统结构设计,,专业：49(不含推免)
130,北京工业大学,统考,机械工程与应用电子技术学院,,仪器科学与技术,全日制,精密测试技术与仪器,,专业：19(不含推免)
131,北京工业大学,统考,机械工程与应用电子技术学院,,仪器科学与技术,全日制,现代测控技术及方法,,专业：19(不含推免)
132,北京工业大学,统考,机械工程与应用电子技术学院,,仪器科学与技术,全日制,计算机测试与控制技术,,专业：19(不含推免)
133,北京工业大学,统考,机械工程与应用电子技术学院,,仪器科学与技术,全日制,智能仪器与虚拟仪器技术,,专业：19(不含推免)
134,北京工业大学,统考,机械工程与应用电子技术学院,,(专业学位)机械工程,全日制,数字化设计与制造及装备,,专业：94(不含推免)
135,北京工业大学,统考,机械工程与应用电子技术学院,,(专业学位)机械工程,全日制,现代机械系统设计,,专业：94(不含推免)
136,北京工业大学,统考,机械工程与应用电子技术学院,,(专业学位)机械工程,全日制,机电液一体化设计与制造,,专业：94(不含推免)
137,北京工业大学,统考,机械工程与应用电子技术学院,,(专业学位)机械工程,全日制,高端装备强度与动态分析,,专业：94(不含推免)
138,北京工业大学,统考,机械工程与应用电子技术学院,,(专业学位)机械工程,非全日制,数字化设计与制造及装备,,专业：23(不含推免)
139,北京工业大学,统考,机械工程与应用电子技术学院,,(专业学位)机械工程,非全日制,现代机械系统设计,,专业：23(不含推免)
140,北京工业大学,统考,机械工程与应用电子技术学院,,(专业学位)机械工程,非全日制,机电液一体化设计与制造,,专业：23(不含推免)
141,北京工业大学,统考,机械工程与应用电子技术学院,,(专业学位)机械工程,非全日制,高端装备强度与动态分析,,专业：23(不含推免)
142,北京工业大学,统考,机械工程与应用电子技术学院,,(专业学位)仪器仪表工程,全日制,现代测控技术及方法,,专业：20(不含推免)
143,北京工业大学,统考,机械工程与应用电子技术学院,,(专业学位)仪器仪表工程,全日制,新型传感与信号处理技术,,专业：20(不含推免)
144,北京工业大学,统考,机械工程与应用电子技术学院,,(专业学位)仪器仪表工程,全日制,机械结构动力行为及工程应用,,专业：20(不含推免)
145,北京工业大学,统考,机械工程与应用电子技术学院,,(专业学位)仪器仪表工程,全日制,智能测试技术与仪器,,专业：20(不含推免)
146,北京工业大学,统考,机械工程与应用电子技术学院,,(专业学位)仪器仪表工程,全日制,现代监控技术与故障诊断方法,,专业：20(不含推免)
147,北京工业大学,统考,建筑工程学院,,土木工程,全日制,重大工程结构抗震减震及城市综合防灾减灾,,专业：58(不含推免)
148,北京工业大学,统考,建筑工程学院,,土木工程,全日制,可持续、高性能结构体系及其设计理论和方法,,专业：58(不含推免)
149,北京工业大学,统考,建筑工程学院,,土木工程,全日制,城市基础设施与岩土工程关键科学问题,,专业：58(不含推免)
150,北京航空航天大学,统考,材料科学与工程学院,,材料科学与工程,全日制,高性能结构材料与制备技术,请登录北航各学院网站http://www.buaa.edu.cn/jgsz1/yxsz.htm查询或直接咨询相关学院,专业：40(不含推免)
151,北京航空航天大学,统考,材料科学与工程学院,,材料科学与工程,全日制,特种功能材料与制备技术,请登录北航各学院网站http://www.buaa.edu.cn/jgsz1/yxsz.htm查询或直接咨询相关学院,专业：40(不含推免)
152,北京航空航天大学,统考,材料科学与工程学院,,材料科学与工程,全日制,非平衡材料与快速成形技术,请登录北航各学院网站http://www.buaa.edu.cn/jgsz1/yxsz.htm查询或直接咨询相关学院,专业：40(不含推免)
153,北京航空航天大学,统考,材料科学与工程学院,,材料科学与工程,全日制,材料腐蚀科学与防护技术,请登录北航各学院网站http://www.buaa.edu.cn/jgsz1/yxsz.htm查询或直接咨询相关学院,专业：40(不含推免)
154,北京航空航天大学,统考,材料科学与工程学院,,材料科学与工程,全日制,新型结构与功能高分子材料,请登录北航各学院网站http://www.buaa.edu.cn/jgsz1/yxsz.htm查询或直接咨询相关学院,专业：40(不含推免)
155,北京航空航天大学,统考,材料科学与工程学院,,材料科学与工程,全日制,先进树脂基复合材料,请登录北航各学院网站http://www.buaa.edu.cn/jgsz1/yxsz.htm查询或直接咨询相关学院,专业：40(不含推免)
156,北京航空航天大学,统考,材料科学与工程学院,,材料科学与工程,全日制,纳米材料与能源材料,请登录北航各学院网站http://www.buaa.edu.cn/jgsz1/yxsz.htm查询或直接咨询相关学院,专业：40(不含推免)
157,北京航空航天大学,统考,材料科学与工程学院,,材料科学与工程,全日制,材料失效分析及预测预防,请登录北航各学院网站http://www.buaa.edu.cn/jgsz1/yxsz.htm查询或直接咨询相关学院,专业：40(不含推免)
158,北京航空航天大学,统考,材料科学与工程学院,,(专业学位)材料工程,全日制,不区分研究方向,请登录北航各学院网站http://www.buaa.edu.cn/jgsz1/yxsz.htm查询或直接咨询相关学院,专业：47(不含推免)
159,北京航空航天大学,统考,电子信息工程学院,,光学工程,全日制,光通信与光网络,请登录北航各学院网站http://www.buaa.edu.cn/jgsz1/yxsz.htm查询或直接咨询相关学院,专业：3(不含推免)
160,北京航空航天大学,统考,电子信息工程学院,,光学工程,全日制,光电检测与信息处理,请登录北航各学院网站http://www.buaa.edu.cn/jgsz1/yxsz.htm查询或直接咨询相关学院,专业：3(不含推免)
161,北京航空航天大学,统考,电子信息工程学院,,光学工程,全日制,光电子与激光技术,请登录北航各学院网站http://www.buaa.edu.cn/jgsz1/yxsz.htm查询或直接咨询相关学院,专业：3(不含推免)
162,北京航空航天大学,统考,电子信息工程学院,,光学工程,全日制,微纳光电信息技术,请登录北航各学院网站http://www.buaa.edu.cn/jgsz1/yxsz.htm查询或直接咨询相关学院,专业：3(不含推免)
163,北京航空航天大学,统考,电子信息工程学院,,电子科学与技术,全日制,物理电子学,请登录北航各学院网站http://www.buaa.edu.cn/jgsz1/yxsz.htm查询或直接咨询相关学院,专业：17(不含推免)
164,北京航空航天大学,统考,电子信息工程学院,,电子科学与技术,全日制,电路与系统,请登录北航各学院网站http://www.buaa.edu.cn/jgsz1/yxsz.htm查询或直接咨询相关学院,专业：17(不含推免)
165,北京航空航天大学,统考,电子信息工程学院,,电子科学与技术,全日制,微电子学与固体电子学,请登录北航各学院网站http://www.buaa.edu.cn/jgsz1/yxsz.htm查询或直接咨询相关学院,专业：17(不含推免)
166,北京航空航天大学,统考,电子信息工程学院,,电子科学与技术,全日制,电磁场与微波技术,请登录北航各学院网站http://www.buaa.edu.cn/jgsz1/yxsz.htm查询或直接咨询相关学院,专业：17(不含推免)
167,北京航空航天大学,统考,电子信息工程学院,,电子科学与技术,全日制,电磁兼容与电磁环境,请登录北航各学院网站http://www.buaa.edu.cn/jgsz1/yxsz.htm查询或直接咨询相关学院,专业：17(不含推免)
168,北京航空航天大学,统考,电子信息工程学院,,信息与通信工程,全日制,通信与信息系统,请登录北航各学院网站http://www.buaa.edu.cn/jgsz1/yxsz.htm查询或直接咨询相关学院,专业：28(不含推免)
169,北京航空航天大学,统考,电子信息工程学院,,信息与通信工程,全日制,信号与信息处理,请登录北航各学院网站http://www.buaa.edu.cn/jgsz1/yxsz.htm查询或直接咨询相关学院,专业：28(不含推免)
170,北京航空航天大学,统考,电子信息工程学院,,信息与通信工程,全日制,信息网络,请登录北航各学院网站http://www.buaa.edu.cn/jgsz1/yxsz.htm查询或直接咨询相关学院,专业：28(不含推免)
171,北京航空航天大学,统考,电子信息工程学院,,信息与通信工程,全日制,集成电路设计,请登录北航各学院网站http://www.buaa.edu.cn/jgsz1/yxsz.htm查询或直接咨询相关学院,专业：28(不含推免)
172,北京航空航天大学,统考,电子信息工程学院,,信息与通信工程,全日制,遥感传输与处理,请登录北航各学院网站http://www.buaa.edu.cn/jgsz1/yxsz.htm查询或直接咨询相关学院,专业：28(不含推免)
173,北京航空航天大学,统考,电子信息工程学院,,信息与通信工程,全日制,航空与卫星导航技术,请登录北航各学院网站http://www.buaa.edu.cn/jgsz1/yxsz.htm查询或直接咨询相关学院,专业：28(不含推免)
174,北京航空航天大学,统考,电子信息工程学院,,交通信息工程及控制,全日制,智能交通信息系统与通信网络,请登录北航各学院网站http://www.buaa.edu.cn/jgsz1/yxsz.htm查询或直接咨询相关学院,专业：7(不含推免)
175,北京航空航天大学,统考,电子信息工程学院,,交通信息工程及控制,全日制,航空通信、导航和监视,请登录北航各学院网站http://www.buaa.edu.cn/jgsz1/yxsz.htm查询或直接咨询相关学院,专业：7(不含推免)
176,北京航空航天大学,统考,电子信息工程学院,,交通信息工程及控制,全日制,网络化的空中交通管理,请登录北航各学院网站http://www.buaa.edu.cn/jgsz1/yxsz.htm查询或直接咨询相关学院,专业：7(不含推免)
177,北京航空航天大学,统考,电子信息工程学院,,(专业学位)电子与通信工程,全日制,不区分研究方向,请登录北航各学院网站http://www.buaa.edu.cn/jgsz1/yxsz.htm查询或直接咨询相关学院,专业：88(不含推免)
178,北京航空航天大学,统考,电子信息工程学院,,(专业学位)电子与通信工程,非全日制,不区分研究方向,请登录北航各学院网站http://www.buaa.edu.cn/jgsz1/yxsz.htm查询或直接咨询相关学院,专业：50(不含推免)
179,北京航空航天大学,统考,电子信息工程学院,,(专业学位)集成电路工程,全日制,不区分研究方向,请登录北航各学院网站http://www.buaa.edu.cn/jgsz1/yxsz.htm查询或直接咨询相关学院,专业：64(不含推免)
180,北京理工大学,统考,宇航学院,,力学,全日制,动力学与控制,,专业：17(不含推免)
181,北京理工大学,统考,宇航学院,,力学,全日制,材料与结构力学,,专业：17(不含推免)
182,北京理工大学,统考,宇航学院,,力学,全日制,流体力学与空气动力学,,专业：17(不含推免)
183,北京理工大学,统考,宇航学院,,力学,全日制,生物与仿生力学,,专业：17(不含推免)
184,北京理工大学,统考,宇航学院,,航空宇航科学与技术,全日制,飞行器总体设计,,专业：36(不含推免)
185,北京理工大学,统考,宇航学院,,航空宇航科学与技术,全日制,飞行动力学与控制,,专业：36(不含推免)
186,北京理工大学,统考,宇航学院,,航空宇航科学与技术,全日制,航天器系统与自主技术,,专业：36(不含推免)
187,北京理工大学,统考,宇航学院,,航空宇航科学与技术,全日制,航空宇航推进理论与工程,,专业：36(不含推免)
188,北京理工大学,统考,宇航学院,,航空宇航科学与技术,全日制,航天发射技术,,专业：36(不含推免)
189,北京理工大学,统考,宇航学院,,(专业学位)航天工程,全日制,不区分研究方向,,专业：23(不含推免)
190,北京理工大学,统考,宇航学院,,(专业学位)航天工程,非全日制,不区分研究方向,,专业：6(不含推免)
191,北京理工大学,统考,机电学院,,力学,全日制,计算力学与工程仿真,,专业：15(不含推免)
192,北京理工大学,统考,机电学院,,力学,全日制,材料与结构冲击动力学,,专业：15(不含推免)
193,北京理工大学,统考,机电学院,,机械工程,全日制,智能机器人与系统,,专业：7(不含推免)
194,北京理工大学,统考,机电学院,,机械工程,全日制,机电系统与传感器,,专业：7(不含推免)
195,北京理工大学,统考,机电学院,,兵器科学与技术,全日制,武器设计与应用工程,,专业：53(不含推免)
196,北京理工大学,统考,机电学院,,兵器科学与技术,全日制,毁伤技术与弹药工程,,专业：53(不含推免)
197,北京理工大学,统考,机电学院,,兵器科学与技术,全日制,爆炸理论与冲击工程,,专业：53(不含推免)
198,北京理工大学,统考,机电学院,,兵器科学与技术,全日制,含能材料与特种能源,,专业：53(不含推免)
199,北京理工大学,统考,机电学院,,兵器科学与技术,全日制,目标探测与弹药信息化,,专业：53(不含推免)
200,北京理工大学,统考,机电学院,,兵器科学与技术,全日制,安全技术与防护工程,,专业：53(不含推免)
201,北京理工大学,统考,机电学院,,安全科学与工程,全日制,安全监控与事故再现,,专业：8(不含推免)
202,北京理工大学,统考,机电学院,,安全科学与工程,全日制,系统安全理论与评价,,专业：8(不含推免)
203,北京理工大学,统考,机电学院,,安全科学与工程,全日制,危险物质及安全性,,专业：8(不含推免)
204,北京理工大学,统考,机电学院,,安全科学与工程,全日制,工程安全与控制技术,,专业：8(不含推免)
205,北京理工大学,统考,机电学院,,安全科学与工程,全日制,灾害演化动力学,,专业：8(不含推免)
206,北京理工大学,统考,机电学院,,(专业学位)安全工程,全日制,不区分研究方向,,专业：5(不含推免)
207,北京理工大学,统考,机电学院,,(专业学位)兵器工程,全日制,不区分研究方向,,专业：17(不含推免)
208,北京理工大学,统考,机电学院,,(专业学位)兵器工程,非全日制,不区分研究方向,,专业：15(不含推免)
209,北京理工大学,统考,机械与车辆学院,,机械工程,全日制,车辆理论与无人车技术,,专业：51(不含推免)
210,北京科技大学,统考,土木与资源工程学院,,地质学,全日制,成矿理论及成矿过程,,专业：10(不含推免)
211,北京科技大学,统考,土木与资源工程学院,,地质学,全日制,矿床模型及成矿预测,,专业：10(不含推免)
212,北京科技大学,统考,土木与资源工程学院,,地质学,全日制,矿物材料及资源综合利用,,专业：10(不含推免)
213,北京科技大学,统考,土木与资源工程学院,,地质学,全日制,矿产资源经济与评价,,专业：10(不含推免)
214,北京科技大学,统考,土木与资源工程学院,,力学,全日制,渗流力学与油气资源开发,,专业：8(不含推免)
215,北京科技大学,统考,土木与资源工程学院,,力学,全日制,非常规资源开发理论与技术,,专业：8(不含推免)
216,北京科技大学,统考,土木与资源工程学院,,力学,全日制,多场耦合力学理论及应用,,专业：8(不含推免)
217,北京科技大学,统考,土木与资源工程学院,,力学,全日制,数值模拟与工程仿真技术,,专业：8(不含推免)
218,北京科技大学,统考,土木与资源工程学院,,力学,全日制,细观流动理论及应用,,专业：8(不含推免)
219,北京科技大学,统考,土木与资源工程学院,,力学,全日制,能源开采提高采收率理论与技术,,专业：8(不含推免)
220,北京科技大学,统考,土木与资源工程学院,,力学,全日制,城市管网流控理论及技术,,专业：8(不含推免)
221,北京科技大学,统考,土木与资源工程学院,,力学,全日制,海绵城市建设基础理论及技术,,专业：8(不含推免)
222,北京科技大学,统考,土木与资源工程学院,,力学,全日制,环境保护与灾害预报,,专业：8(不含推免)
223,北京科技大学,统考,土木与资源工程学院,,力学,全日制,岩石力学与工程,,专业：8(不含推免)
224,北京科技大学,统考,土木与资源工程学院,,力学,全日制,土力学与边坡、基础工程,,专业：8(不含推免)
225,北京科技大学,统考,土木与资源工程学院,,力学,全日制,岩土工程数值计算与分析,,专业：8(不含推免)
226,北京科技大学,统考,土木与资源工程学院,,力学,全日制,岩土非线性力学理论与耦合分析方法,,专业：8(不含推免)
227,北京科技大学,统考,土木与资源工程学院,,力学,全日制,岩土应力与变形测试理论与技术,,专业：8(不含推免)
228,北京科技大学,统考,土木与资源工程学院,,力学,全日制,工程爆破理论与技术,,专业：8(不含推免)
229,北京科技大学,统考,土木与资源工程学院,,力学,全日制,岩石动力学理论与应用,,专业：8(不含推免)
230,北京科技大学,统考,土木与资源工程学院,,力学,全日制,土木工程材料物理力学性质,,专业：8(不含推免)
231,北京科技大学,统考,土木与资源工程学院,,力学,全日制,工程结构力学与特种结构设计理论,,专业：8(不含推免)
232,北京科技大学,统考,土木与资源工程学院,,土木工程,全日制,岩土工程稳定性研究,,专业：19(不含推免)
233,北京科技大学,统考,土木与资源工程学院,,土木工程,全日制,岩土工程支护设计理论与加固处理技术,,专业：19(不含推免)
234,北京科技大学,统考,土木与资源工程学院,,土木工程,全日制,岩土工程数值模拟分析,,专业：19(不含推免)
235,北京科技大学,统考,土木与资源工程学院,,土木工程,全日制,岩石动力学与工程应用,,专业：19(不含推免)
236,北京科技大学,统考,土木与资源工程学院,,土木工程,全日制,结构非线性理论,,专业：19(不含推免)
237,北京科技大学,统考,土木与资源工程学院,,土木工程,全日制,结构设计优化,,专业：19(不含推免)
238,北京科技大学,统考,土木与资源工程学院,,土木工程,全日制,土木工程材料及应用,,专业：19(不含推免)
239,北京科技大学,统考,土木与资源工程学院,,土木工程,全日制,城市地下空间开发与利用,,专业：19(不含推免)
240,北方工业大学,统考,计算机学院,,计算机科学与技术,全日制,计算机系统结构,,专业：26(不含推免)
241,北方工业大学,统考,计算机学院,,计算机科学与技术,全日制,计算机软件与理论,,专业：26(不含推免)
242,北方工业大学,统考,计算机学院,,计算机科学与技术,全日制,计算机应用技术,,专业：26(不含推免)
243,北方工业大学,统考,计算机学院,,计算机科学与技术,全日制,计算机网络与信息安全,,专业：26(不含推免)
244,北方工业大学,统考,计算机学院,,软件工程,全日制,软件工程理论,,专业：6(不含推免)
245,北方工业大学,统考,计算机学院,,软件工程,全日制,软件工程技术,,专业：6(不含推免)
246,北方工业大学,统考,计算机学院,,软件工程,全日制,领域软件工程,,专业：6(不含推免)
247,北方工业大学,统考,计算机学院,,软件工程,全日制,软件服务工程,,专业：6(不含推免)
248,北方工业大学,统考,计算机学院,,网络空间安全,全日制,网络空间内容安全,,专业：4(不含推免)
249,北方工业大学,统考,计算机学院,,网络空间安全,全日制,多媒体信息安全,,专业：4(不含推免)
250,北方工业大学,统考,计算机学院,,网络空间安全,全日制,工业控制与物联网安全,,专业：4(不含推免)
251,北方工业大学,统考,计算机学院,,(专业学位)计算机技术,全日制,分布式系统与云计算技术,,专业：39(不含推免)
252,北方工业大学,统考,计算机学院,,(专业学位)计算机技术,全日制,工业生产数据智能分析与挖掘,,专业：39(不含推免)
253,北方工业大学,统考,计算机学院,,(专业学位)计算机技术,全日制,图像处理技术,,专业：39(不含推免)
254,北方工业大学,统考,计算机学院,,(专业学位)计算机技术,全日制,数据处理技术与软件服务,,专业：39(不含推免)
255,北方工业大学,统考,计算机学院,,(专业学位)计算机技术,全日制,互动新媒体技术,,专业：39(不含推免)
256,北方工业大学,统考,计算机学院,,(专业学位)软件工程,全日制,软件工程技术,,专业：11(不含推免)
257,北方工业大学,统考,计算机学院,,(专业学位)软件工程,全日制,领域软件工程,,专业：11(不含推免)
258,北方工业大学,统考,计算机学院,,(专业学位)软件工程,全日制,软件服务工程,,专业：11(不含推免)
259,北方工业大学,统考,电子信息工程学院,,电子科学与技术,全日制,电路与系统,,专业：11(不含推免)
260,北方工业大学,统考,电子信息工程学院,,电子科学与技术,全日制,微电子学与固体电子学,,专业：11(不含推免)
261,北方工业大学,统考,电子信息工程学院,,电子科学与技术,全日制,电磁场与微波技术,,专业：11(不含推免)
262,北方工业大学,统考,电子信息工程学院,,电子科学与技术,全日制,物理电子学,,专业：11(不含推免)
263,北方工业大学,统考,电子信息工程学院,,信息与通信工程,全日制,图像处理与智能识别技术,,专业：23(不含推免)
264,北方工业大学,统考,电子信息工程学院,,信息与通信工程,全日制,视频信号压缩解码技术,,专业：23(不含推免)
265,北方工业大学,统考,电子信息工程学院,,信息与通信工程,全日制,通信、导航与遥测遥控技术,,专业：23(不含推免)
266,北方工业大学,统考,电子信息工程学院,,信息与通信工程,全日制,多媒体智能通信终端技术,,专业：23(不含推免)
267,北方工业大学,统考,电子信息工程学院,,信息与通信工程,全日制,微弱信号测量技术,,专业：23(不含推免)
268,北方工业大学,统考,电子信息工程学院,,信息与通信工程,全日制,传感网与微定位技术,,专业：23(不含推免)
269,北方工业大学,统考,电子信息工程学院,,(专业学位)电子与通信工程,全日制,无线电遥测遥控与卫星导航,,专业：42(不含推免)
270,北京化工大学,统考,化学工程学院,,化学工程与技术,全日制,化工热力学,,专业：104(不含推免)
271,北京化工大学,统考,化学工程学院,,化学工程与技术,全日制,化学反应工程,,专业：104(不含推免)
272,北京化工大学,统考,化学工程学院,,化学工程与技术,全日制,传质与分离工程,,专业：104(不含推免)
273,北京化工大学,统考,化学工程学院,,化学工程与技术,全日制,化工系统与模拟优化控制,,专业：104(不含推免)
274,北京化工大学,统考,化学工程学院,,化学工程与技术,全日制,化学工艺,,专业：104(不含推免)
275,北京化工大学,统考,化学工程学院,,化学工程与技术,全日制,能源化工,,专业：104(不含推免)
276,北京化工大学,统考,化学工程学院,,环境科学与工程,全日制,水污染控制工程,,专业：20(不含推免)
277,北京化工大学,统考,化学工程学院,,环境科学与工程,全日制,固体废物处理与资源化,,专业：20(不含推免)
278,北京化工大学,统考,化学工程学院,,环境科学与工程,全日制,大气污染控制工程,,专业：20(不含推免)
279,北京化工大学,统考,化学工程学院,,环境科学与工程,全日制,污染控制化学与生物学,,专业：20(不含推免)
280,北京化工大学,统考,化学工程学院,,环境科学与工程,全日制,环境催化与环境材料,,专业：20(不含推免)
281,北京化工大学,统考,化学工程学院,,环境科学与工程,全日制,环境健康与安全,,专业：20(不含推免)
282,北京化工大学,统考,化学工程学院,,环境科学与工程,全日制,生态环境规划与管理,,专业：20(不含推免)
283,北京化工大学,统考,化学工程学院,,(专业学位)化学工程,非全日制,不区分研究方向,,专业：14(不含推免)
284,北京化工大学,统考,化学工程学院,,(专业学位)化学工程,全日制,化学反应工程,,专业：56(不含推免)
285,北京化工大学,统考,化学工程学院,,(专业学位)化学工程,全日制,传质与分离工程,,专业：56(不含推免)
286,北京化工大学,统考,化学工程学院,,(专业学位)化学工程,全日制,化工系统与模拟优化控制,,专业：56(不含推免)
287,北京化工大学,统考,化学工程学院,,(专业学位)化学工程,全日制,绿色化学工艺,,专业：56(不含推免)
288,北京化工大学,统考,化学工程学院,,(专业学位)化学工程,全日制,能源化工,,专业：56(不含推免)
289,北京化工大学,统考,化学工程学院,,(专业学位)环境工程,非全日制,不区分研究方向,,专业：10(不含推免)
290,北京化工大学,统考,化学工程学院,,(专业学位)环境工程,全日制,固体废物处理与资源化,,专业：12(不含推免)
291,北京化工大学,统考,化学工程学院,,(专业学位)环境工程,全日制,水处理与再生利用技术,,专业：12(不含推免)
292,北京化工大学,统考,化学工程学院,,(专业学位)环境工程,全日制,废气处理技术,,专业：12(不含推免)
293,北京化工大学,统考,材料科学与工程学院,,化学,全日制,可控—活性聚合与大分子工程,,专业：24(不含推免)
294,北京化工大学,统考,材料科学与工程学院,,化学,全日制,多相多组分聚合物体系,,专业：24(不含推免)
295,北京化工大学,统考,材料科学与工程学院,,化学,全日制,聚合物物理,,专业：24(不含推免)
296,北京化工大学,统考,材料科学与工程学院,,材料科学与工程,全日制,材料化学,,专业：150(不含推免)
297,北京化工大学,统考,材料科学与工程学院,,材料科学与工程,全日制,功能材料模拟、设计及合成,,专业：150(不含推免)
298,北京化工大学,统考,材料科学与工程学院,,材料科学与工程,全日制,材料环境行为与失效机理,,专业：150(不含推免)
299,北京化工大学,统考,材料科学与工程学院,,材料科学与工程,全日制,碳材料及复合材料,,专业：150(不含推免)
300,北京工商大学,统考,理学院,,统计学,全日制,不区分研究方向,,专业：6(不含推免)
301,北京工商大学,统考,理学院,,材料物理与化学,全日制,不区分研究方向,,专业：2(不含推免)
302,北京工商大学,统考,理学院,,化学工艺,全日制,不区分研究方向,,专业：2(不含推免)
303,北京工商大学,统考,理学院,,化妆品科学与技术,全日制,不区分研究方向,,专业：3(不含推免)
304,北京工商大学,统考,理学院,,轻工技术与工程,全日制,日用化学品科学与技术,,研究方向：5(不含推免)
305,北京工商大学,统考,理学院,,(专业学位)化学工程,全日制,不区分研究方向,,专业：27(不含推免)
306,北京工商大学,统考,食品学院,,生物化工,全日制,不区分研究方向,,专业：3(不含推免)
307,北京工商大学,统考,食品学院,,应用化学,全日制,不区分研究方向,,专业：10(不含推免)
308,北京工商大学,统考,食品学院,,轻工技术与工程,全日制,日用化学品科学与技术,,研究方向：8(不含推免)
309,北京工商大学,统考,食品学院,,轻工技术与工程,全日制,发酵工程,,研究方向：15(不含推免)
310,北京工商大学,统考,食品学院,,环境科学与工程,全日制,不区分研究方向,,专业：13(不含推免)
311,北京工商大学,统考,食品学院,,食品科学与工程,全日制,不区分研究方向,,专业：18(不含推免)
312,北京工商大学,统考,食品学院,,(专业学位)化学工程,全日制,不区分研究方向,,专业：35(不含推免)
313,北京工商大学,统考,食品学院,,(专业学位)食品工程,全日制,不区分研究方向,,专业：43(不含推免)
314,北京工商大学,统考,材料与机械工程学院,,机械工程,全日制,不区分研究方向,,专业：9(不含推免)
315,北京工商大学,统考,材料与机械工程学院,,材料科学与工程,全日制,不区分研究方向,,专业：5(不含推免)
316,北京工商大学,统考,材料与机械工程学院,,轻工技术与工程,全日制,包装材料科学与装备技术,,研究方向：9(不含推免)
317,北京工商大学,统考,材料与机械工程学院,,(专业学位)机械工程,全日制,不区分研究方向,,专业：23(不含推免)
318,北京工商大学,统考,材料与机械工程学院,,(专业学位)材料工程,全日制,不区分研究方向,,专业：17(不含推免)
319,北京工商大学,统考,计算机与信息工程学院,,控制理论与控制工程,全日制,不区分研究方向,,专业：8(不含推免)
320,北京工商大学,统考,计算机与信息工程学院,,检测技术与自动化装置,全日制,不区分研究方向,,专业：5(不含推免)
321,北京工商大学,统考,计算机与信息工程学院,,模式识别与智能系统,全日制,不区分研究方向,,专业：5(不含推免)
322,北京工商大学,统考,计算机与信息工程学院,,计算机科学与技术,全日制,不区分研究方向,,专业：5(不含推免)
323,北京工商大学,统考,计算机与信息工程学院,,轻工技术与工程,全日制,轻工信息技术与工程,,研究方向：8(不含推免)
324,北京工商大学,统考,计算机与信息工程学院,,(专业学位)控制工程,全日制,不区分研究方向,,专业：26(不含推免)
325,北京工商大学,统考,计算机与信息工程学院,,(专业学位)计算机技术,全日制,不区分研究方向,,专业：24(不含推免)
326,北京工商大学,统考,计算机与信息工程学院,,(专业学位)物流工程,全日制,不区分研究方向,,专业：25(不含推免)
327,北京工商大学,统考,计算机与信息工程学院,,管理科学与工程,全日制,不区分研究方向,,专业：5(不含推免)
328,北京工商大学,统考,经济学院,,理论经济学,全日制,不区分研究方向,,专业：12(不含推免)
329,北京工商大学,统考,经济学院,,财政学,全日制,不区分研究方向,,专业：6(不含推免)
330,北京服装学院,统考,服装艺术与工程学院,,服装设计与工程,全日制,服装人体科学,,专业：15(不含推免)
331,北京服装学院,统考,服装艺术与工程学院,,服装设计与工程,全日制,服装舒适性与功能服装研究,,专业：15(不含推免)
332,北京服装学院,统考,服装艺术与工程学院,,服装设计与工程,全日制,服装设计与技术,,专业：15(不含推免)
333,北京服装学院,统考,服装艺术与工程学院,,服装设计与工程,全日制,服装工程数字化,,专业：15(不含推免)
334,北京服装学院,统考,服装艺术与工程学院,,(专业学位)纺织工程,全日制,服装人体科学,,专业：4(不含推免)
335,北京服装学院,统考,服装艺术与工程学院,,(专业学位)纺织工程,全日制,服装舒适性与功能服装研究,,专业：4(不含推免)
336,北京服装学院,统考,服装艺术与工程学院,,(专业学位)纺织工程,全日制,服装设计与技术,,专业：4(不含推免)
337,北京服装学院,统考,服装艺术与工程学院,,(专业学位)纺织工程,全日制,服装工程数字化,,专业：4(不含推免)
338,北京服装学院,统考,服装艺术与工程学院,,设计学,全日制,服饰文化与设计,,专业：19(不含推免)
339,北京服装学院,统考,服装艺术与工程学院,,设计学,全日制,服装设计与管理,,专业：19(不含推免)
340,北京服装学院,统考,服装艺术与工程学院,,设计学,全日制,服装设计与创新,,专业：19(不含推免)
341,北京服装学院,统考,服装艺术与工程学院,,设计学,全日制,服装造型与应用,,专业：19(不含推免)
342,北京服装学院,统考,服装艺术与工程学院,,设计学,全日制,戏剧影视服装研究,,专业：19(不含推免)
343,北京服装学院,统考,服装艺术与工程学院,,设计学,全日制,针织服装研究,,专业：19(不含推免)
344,北京服装学院,统考,服装艺术与工程学院,,设计学,全日制,纤维与时尚设计,,专业：19(不含推免)
345,北京服装学院,统考,服装艺术与工程学院,,(专业学位)艺术,全日制,服饰文化与设计,,专业：54(不含推免)
346,北京服装学院,统考,服装艺术与工程学院,,(专业学位)艺术,全日制,服装设计与管理,,专业：54(不含推免)
347,北京服装学院,统考,服装艺术与工程学院,,(专业学位)艺术,全日制,服装设计与创新,,专业：54(不含推免)
348,北京服装学院,统考,服装艺术与工程学院,,(专业学位)艺术,全日制,服装造型与应用,,专业：54(不含推免)
349,北京服装学院,统考,服装艺术与工程学院,,(专业学位)艺术,全日制,戏剧影视服装研究,,专业：54(不含推免)
350,北京服装学院,统考,服装艺术与工程学院,,(专业学位)艺术,全日制,针织服装研究,,专业：54(不含推免)
351,北京服装学院,统考,服装艺术与工程学院,,(专业学位)艺术,全日制,纤维与时尚设计,,专业：54(不含推免)
352,北京服装学院,统考,服饰艺术与工程学院,,(专业学位)纺织工程,全日制,工业设计工程研究,,专业：2(不含推免)
353,北京服装学院,统考,服饰艺术与工程学院,,设计学,全日制,色彩设计,,专业：6(不含推免)
354,北京服装学院,统考,服饰艺术与工程学院,,设计学,全日制,珠宝首饰设计,,专业：6(不含推免)
355,北京服装学院,统考,服饰艺术与工程学院,,设计学,全日制,鞋品与箱包设计,,专业：6(不含推免)
356,北京服装学院,统考,服饰艺术与工程学院,,设计学,全日制,工业设计,,专业：6(不含推免)
357,北京服装学院,统考,服饰艺术与工程学院,,设计学,全日制,设计管理,,专业：6(不含推免)
358,北京服装学院,统考,服饰艺术与工程学院,,(专业学位)艺术,全日制,色彩设计,,专业：32(不含推免)
359,北京服装学院,统考,服饰艺术与工程学院,,(专业学位)艺术,全日制,珠宝首饰设计,,专业：32(不含推免)
360,北京邮电大学,统考,信息与通信工程学院,,信息与通信工程,全日制,Web多媒体搜索与挖掘，网络智能信息处理,郭军、张洪刚、刘刚、徐蔚然、张闯、陈光、刘瑞芳、张彬、肖波、徐雅静、胡佳妮、邓伟洪、徐前方、高升、马占宇、李春光、李思、赵凯莉、施柏鑫,专业：427(不含推免)
361,北京邮电大学,统考,信息与通信工程学院,,信息与通信工程,全日制,宽带移动通信系统新理论及技术、无线大数据,张平、田辉、刘宝玲、张建华、冯志勇、王莹、李立华、邓钢、张治、张奇勋、范绍帅、聂高峰、朱旭振、唐晓晟,专业：427(不含推免)
362,北京邮电大学,统考,信息与通信工程学院,,信息与通信工程,全日制,未来通信与网络、智能信息处理与医疗应用,林家儒、郭莉、牛凯、贺志强、许文俊、徐文波、别志松、龚萍、林雪红、李永华、司中威、董超、王思野,专业：427(不含推免)
363,北京邮电大学,统考,信息与通信工程学院,,信息与通信工程,全日制,宽带无线移动通信、下一代网络及信息处理,温向明、武穆清、刘勇、廖青、徐春秀、苗建松、郑伟、路兆铭、郑凤、陈自清、张成良、Norman Charles Beaulieu,专业：427(不含推免)
364,北京邮电大学,统考,信息与通信工程学院,,信息与通信工程,全日制,空间通信与移动互联信息处理,张琳、苏驷希、吴晓非、顾昕钰、禹可、刘雨、朱孔林、望育梅、王生楚,专业：427(不含推免)
365,北京邮电大学,统考,信息与通信工程学院,,信息与通信工程,全日制,无线大数据和人工智能驱动的6G通信和组网,彭木根、纪晓东、靳浩、李勇、梁栋、赵中原、李景春,专业：427(不含推免)
366,北京邮电大学,统考,信息与通信工程学院,,信息与通信工程,全日制,5G网络、智能计算与数据挖掘,郑侃、赵慧、彭岳星、龙航、赵龙、王健全、吕召彪,专业：427(不含推免)
367,北京邮电大学,统考,信息与通信工程学院,,信息与通信工程,全日制,未来网络架构、软件定义网络、网络人工智能,刘韵洁、黄韬、姚海鹏、刘江、谢人超、张娇、潘恬,专业：427(不含推免)
368,北京邮电大学,统考,信息与通信工程学院,,信息与通信工程,全日制,宽带融合网络与智能控管技术,纪越峰、孙咏梅、王宏祥、李慧、黄治同、顾仁涛、张佳玮,专业：427(不含推免)
369,北京邮电大学,统考,信息与通信工程学院,,信息与通信工程,全日制,移动网络与智能计算、无线安全,陶小峰、崔琪楣、许晓东、王强、张雪菲、李娜、陈宇,专业：427(不含推免)
370,北京邮电大学,统考,信息与通信工程学院,,信息与通信工程,全日制,人工智能、物联网与大数据、网络与安全,纪阳、裘晓峰、朱新宁、詹志强、张春红、吴振宇,专业：427(不含推免)
371,北京邮电大学,统考,信息与通信工程学院,,信息与通信工程,全日制,网络数据科学与技术,杨洁、何刚、周文莉、刘芳、刘军、乔媛媛、齐勇刚,专业：427(不含推免)
372,北京邮电大学,统考,信息与通信工程学院,,信息与通信工程,全日制,无线移动通信；移动互联网及物联网信息处理,冯春燕、郭彩丽、张天魁、夏海轮、徐强、张同须,专业：427(不含推免)
373,北京邮电大学,统考,信息与通信工程学院,,信息与通信工程,全日制,移动通信,杨鸿文、桑林、张欣、高月红、韦再雪,专业：427(不含推免)
374,北京邮电大学,统考,信息与通信工程学院,,信息与通信工程,全日制,移动通信与无线网络数据分析,啜钢、李广成、刘辛越、高伟东,专业：427(不含推免)
375,北京邮电大学,统考,信息与通信工程学院,,信息与通信工程,全日制,移动互联信息处理与智能无线网络,彭涛、郭文彬、孙卓、孙少凡,专业：427(不含推免)
376,北京邮电大学,统考,信息与通信工程学院,,信息与通信工程,全日制,新型无线网络、无线大数据与边缘计算,王文博、张兴、胡春静、全庆一,专业：427(不含推免)
377,北京邮电大学,统考,信息与通信工程学院,,信息与通信工程,全日制,机器学习与计算图像，多媒体通信,门爱东、王海婴、石明军、姜竹青,专业：427(不含推免)
378,北京邮电大学,统考,信息与通信工程学院,,信息与通信工程,全日制,无线信号处理、电磁技术、物联网与人工智能,李书芳、邓力、洪卫军、尹良,专业：427(不含推免)
379,北京邮电大学,统考,信息与通信工程学院,,信息与通信工程,全日制,无人机、车联网、移动计算、智慧医疗及大数据分析,罗涛、李剑峰、郝建军、郭一珺,专业：427(不含推免)
380,北京邮电大学,统考,信息与通信工程学院,,信息与通信工程,全日制,物联网与人工智能,高泽华、孙文生、游向东、寿国础,专业：427(不含推免)
381,北京邮电大学,统考,信息与通信工程学院,,信息与通信工程,全日制,宽带移动通信与网络融合,王晓湘、张鸿涛、王冬宇,专业：427(不含推免)
382,北京邮电大学,统考,信息与通信工程学院,,信息与通信工程,全日制,通信信号处理、大数据分析及未来网络技术,赵成林、许方敏、李斌,专业：427(不含推免)
383,北京邮电大学,统考,信息与通信工程学院,,信息与通信工程,全日制,计算机视觉与模式识别,苏菲、赵志诚、赵衍运,专业：427(不含推免)
384,北京邮电大学,统考,信息与通信工程学院,,信息与通信工程,全日制,多媒体通信与交互技术、智能信号处理,孙松林、程新洲、刘玮,专业：427(不含推免)
385,北京邮电大学,统考,信息与通信工程学院,,信息与通信工程,全日制,未来移动通信、机器学习与网络多媒体,尹长川、刘丹谱、张志龙,专业：427(不含推免)
386,北京邮电大学,统考,信息与通信工程学院,,信息与通信工程,全日制,未来移动通信、网络智能化与机器学习,纪红、李曦、张鹤立,专业：427(不含推免)
387,北京邮电大学,统考,信息与通信工程学院,,信息与通信工程,全日制,智能信息处理、物联网、新无线通信技术,蒋挺、邹卫霞、陈萍,专业：427(不含推免)
388,北京邮电大学,统考,信息与通信工程学院,,信息与通信工程,全日制,认知与重构、物联网和移动互联网及机器学习,张陆勇、黄小军、陈佃军,专业：427(不含推免)
389,北京邮电大学,统考,信息与通信工程学院,,信息与通信工程,全日制,软件无线电通信,李绍胜、黄孝建,专业：427(不含推免)
390,北京印刷学院,统考,印刷与包装工程学院,,科学技术史,全日制,印刷科技史,,专业：3(不含推免)
391,北京印刷学院,统考,印刷与包装工程学院,,科学技术史,全日制,印刷科技政策,,专业：3(不含推免)
392,北京印刷学院,统考,印刷与包装工程学院,,科学技术史,全日制,印刷文物与博物馆,,专业：3(不含推免)
393,北京印刷学院,统考,印刷与包装工程学院,,科学技术史,全日制,印刷非物质文化遗产,,专业：3(不含推免)
394,北京印刷学院,统考,印刷与包装工程学院,,材料科学与工程,全日制,信息与有机光电子材料,,专业：17(不含推免)
395,北京印刷学院,统考,印刷与包装工程学院,,材料科学与工程,全日制,等离子体与材料制备,,专业：17(不含推免)
396,北京印刷学院,统考,印刷与包装工程学院,,材料科学与工程,全日制,环保包装材料与加工,,专业：17(不含推免)
397,北京印刷学院,统考,印刷与包装工程学院,,材料科学与工程,全日制,印刷电子材料与技术,,专业：17(不含推免)
398,北京印刷学院,统考,印刷与包装工程学院,,材料科学与工程,全日制,先进油墨与流变学,,专业：17(不含推免)
399,北京印刷学院,统考,印刷与包装工程学院,,图像科学与工程,全日制,数字图像处理技术,,专业：3(不含推免)
400,北京印刷学院,统考,印刷与包装工程学院,,图像科学与工程,全日制,集成化印刷生产与管理,,专业：3(不含推免)
401,北京印刷学院,统考,印刷与包装工程学院,,图像科学与工程,全日制,跨媒体颜色再现技术,,专业：3(不含推免)
402,北京印刷学院,统考,印刷与包装工程学院,,图像科学与工程,全日制,印刷标准与过程控制,,专业：3(不含推免)
403,北京印刷学院,统考,经济管理学院,,传媒经济与管理,全日制,传媒产业经济,,专业：3(不含推免)
404,北京印刷学院,统考,经济管理学院,,传媒经济与管理,全日制,传媒企业管理,,专业：3(不含推免)
405,北京印刷学院,统考,经济管理学院,,传媒经济与管理,全日制,传媒数字资源管理,,专业：3(不含推免)
406,北京印刷学院,统考,经济管理学院,,传媒经济与管理,全日制,文化产业管理,,专业：3(不含推免)
407,北京印刷学院,统考,经济管理学院,,工商管理,全日制,传媒企业会计与财务,,专业：3(不含推免)
408,北京印刷学院,统考,经济管理学院,,工商管理,全日制,传媒企业战略与营销管理,,专业：3(不含推免)
409,北京印刷学院,统考,经济管理学院,,工商管理,全日制,大数据与数字资产管理,,专业：3(不含推免)
410,北京印刷学院,统考,经济管理学院,,工商管理,全日制,文化产业项目策划与管理,,专业：3(不含推免)
411,北京印刷学院,统考,经济管理学院,,(专业学位)会计,全日制,会计制度与会计实务,,专业：66(不含推免)
412,北京印刷学院,统考,经济管理学院,,(专业学位)会计,全日制,资本运营与财务管理实务,,专业：66(不含推免)
413,北京印刷学院,统考,经济管理学院,,(专业学位)会计,全日制,企业内部控制与审计实务,,专业：66(不含推免)
414,北京印刷学院,统考,信息工程学院,,信息与通信工程,全日制,信号检测与智能控制,,专业：8(不含推免)
415,北京印刷学院,统考,信息工程学院,,信息与通信工程,全日制,图像处理与视频分析,,专业：8(不含推免)
416,北京印刷学院,统考,信息工程学院,,信息与通信工程,全日制,嵌入式系统及与物联网技术,,专业：8(不含推免)
417,北京印刷学院,统考,信息工程学院,,信息与通信工程,全日制,数字内容安全与版权管理,,专业：8(不含推免)
418,北京印刷学院,统考,信息工程学院,,信息与通信工程,全日制,大数据处理与云出版,,专业：8(不含推免)
419,北京印刷学院,统考,信息工程学院,,网络空间安全,全日制,密码应用技术,,专业：4(不含推免)
420,北京建筑大学,统考,建筑与城市规划学院,,建筑学,全日制,建筑历史与理论,,专业：9(不含推免)
421,北京建筑大学,统考,建筑与城市规划学院,,建筑学,全日制,建筑设计及其理论,,专业：9(不含推免)
422,北京建筑大学,统考,建筑与城市规划学院,,建筑学,全日制,建筑技术科学,,专业：9(不含推免)
423,北京建筑大学,统考,建筑与城市规划学院,,建筑学,全日制,城市设计,,专业：9(不含推免)
424,北京建筑大学,统考,建筑与城市规划学院,,建筑遗产保护,全日制,建筑遗产保护理论,,专业：7(不含推免)
425,北京建筑大学,统考,建筑与城市规划学院,,建筑遗产保护,全日制,建筑遗产保护规划与设计,,专业：7(不含推免)
426,北京建筑大学,统考,建筑与城市规划学院,,城乡规划学,全日制,区域发展与规划,,专业：10(不含推免)
427,北京建筑大学,统考,建筑与城市规划学院,,城乡规划学,全日制,城乡规划与设计,,专业：10(不含推免)
428,北京建筑大学,统考,建筑与城市规划学院,,城乡规划学,全日制,住房与社区建设规划,,专业：10(不含推免)
429,北京建筑大学,统考,建筑与城市规划学院,,城乡规划学,全日制,城乡发展历史与遗产保护规划,,专业：10(不含推免)
430,北京建筑大学,统考,建筑与城市规划学院,,风景园林学,全日制,风景园林历史理论与遗产保护,,专业：11(不含推免)
431,北京建筑大学,统考,建筑与城市规划学院,,风景园林学,全日制,城市园林绿地规划设计,,专业：11(不含推免)
432,北京建筑大学,统考,建筑与城市规划学院,,风景园林学,全日制,城乡开放空间规划设计,,专业：11(不含推免)
433,北京建筑大学,统考,建筑与城市规划学院,,风景园林学,全日制,风景园林生态与工程技术,,专业：11(不含推免)
434,北京建筑大学,统考,建筑与城市规划学院,,(专业学位)建筑学,全日制,建筑遗产保护,,专业：56(不含推免)
435,北京建筑大学,统考,建筑与城市规划学院,,(专业学位)建筑学,全日制,公共建筑设计,,专业：56(不含推免)
436,北京建筑大学,统考,建筑与城市规划学院,,(专业学位)建筑学,全日制,建筑技术科学,,专业：56(不含推免)
437,北京建筑大学,统考,建筑与城市规划学院,,(专业学位)建筑学,全日制,城市设计,,专业：56(不含推免)
438,北京建筑大学,统考,建筑与城市规划学院,,(专业学位)工业设计工程,全日制,空间环境设计工程,,专业：3(不含推免)
439,北京建筑大学,统考,建筑与城市规划学院,,(专业学位)工业设计工程,全日制,建筑产品集成与设计工程,,专业：3(不含推免)
440,北京建筑大学,统考,建筑与城市规划学院,,(专业学位)工业设计工程,全日制,传统技艺传承与创新设计工程,,专业：3(不含推免)
441,北京建筑大学,统考,建筑与城市规划学院,,(专业学位)城市规划,全日制,区域发展与规划,,专业：13(不含推免)
442,北京建筑大学,统考,建筑与城市规划学院,,(专业学位)城市规划,全日制,城乡规划与设计,,专业：13(不含推免)
443,北京建筑大学,统考,建筑与城市规划学院,,(专业学位)城市规划,全日制,住房与社区建设规划,,专业：13(不含推免)
444,北京建筑大学,统考,建筑与城市规划学院,,(专业学位)城市规划,全日制,城乡发展历史与遗产保护规划,,专业：13(不含推免)
445,北京建筑大学,统考,建筑与城市规划学院,,(专业学位)风景园林,全日制,风景园林历史理论与遗产保护,,专业：3(不含推免)
446,北京建筑大学,统考,建筑与城市规划学院,,(专业学位)风景园林,全日制,城市园林绿地规划设计,,专业：3(不含推免)
447,北京建筑大学,统考,建筑与城市规划学院,,(专业学位)风景园林,全日制,城乡开放空间规划设计,,专业：3(不含推免)
448,北京建筑大学,统考,建筑与城市规划学院,,(专业学位)风景园林,全日制,风景园林生态与工程技术,,专业：3(不含推免)
449,北京建筑大学,统考,建筑与城市规划学院,,设计学,全日制,环境设计及理论,,专业：9(不含推免)
450,北京石油化工学院,统考,化学工程学院,,材料物理与化学,全日制,化工新材料,,专业：5(不含推免)
451,北京石油化工学院,统考,化学工程学院,,(专业学位)化学工程,全日制,燃料清洁化与工业尾气催化减排,,专业：40(不含推免)
452,北京石油化工学院,统考,化学工程学院,,(专业学位)化学工程,全日制,环境友好化工过程,,专业：40(不含推免)
453,北京石油化工学院,统考,化学工程学院,,(专业学位)化学工程,全日制,生物质及低碳资源高效转化利用,,专业：40(不含推免)
454,北京石油化工学院,统考,化学工程学院,,(专业学位)化学工程,全日制,绿色精细化学品与新材料,,专业：40(不含推免)
455,北京石油化工学院,统考,机械工程学院,,检测技术与自动化装置,全日制,机器人技术与自动化装置,,专业：5(不含推免)
456,北京石油化工学院,统考,机械工程学院,,(专业学位)化学工程,全日制,环境工程,,专业：40(不含推免)
457,北京石油化工学院,统考,机械工程学院,,(专业学位)化学工程,全日制,能源工程,,专业：40(不含推免)
458,北京石油化工学院,统考,机械工程学院,,(专业学位)化学工程,全日制,化工设备连接技术与智能装备,,专业：40(不含推免)
459,北京石油化工学院,统考,机械工程学院,,(专业学位)化学工程,全日制,多相流分离技术及过程装备,,专业：40(不含推免)
460,北京石油化工学院,统考,信息工程学院,,控制理论与控制工程,全日制,复杂过程系统控制理论与应用,,专业：4(不含推免)
461,北京石油化工学院,统考,信息工程学院,,检测技术与自动化装置,全日制,机器人技术与自动化装置,,专业：3(不含推免)
462,北京石油化工学院,统考,信息工程学院,,模式识别与智能系统,全日制,仿真建模理论与技术,,专业：3(不含推免)
463,北京石油化工学院,统考,信息工程学院,,(专业学位)化学工程,全日制,工艺与系统模拟优化控制,,专业：10(不含推免)
464,北京石油化工学院,统考,信息工程学院,,(专业学位)化学工程,全日制,化工设备连接技术与智能装备,,专业：10(不含推免)
465,北京石油化工学院,统考,材料科学与工程学院,,材料学,全日制,特种弹性体材料,,专业：5(不含推免)
466,北京石油化工学院,统考,材料科学与工程学院,,材料学,全日制,功能高分子材料,,专业：5(不含推免)
467,北京石油化工学院,统考,材料科学与工程学院,,材料学,全日制,新型能源材料,,专业：5(不含推免)
468,北京石油化工学院,统考,材料科学与工程学院,,材料学,全日制,材料表面工程,,专业：5(不含推免)
469,北京石油化工学院,统考,材料科学与工程学院,,材料加工工程,全日制,固体材料再利用,,专业：5(不含推免)
470,北京石油化工学院,统考,材料科学与工程学院,,材料加工工程,全日制,材料腐蚀与保护,,专业：5(不含推免)
471,北京石油化工学院,统考,材料科学与工程学院,,材料加工工程,全日制,智能柔性材料制备,,专业：5(不含推免)
472,北京石油化工学院,统考,材料科学与工程学院,,材料加工工程,全日制,功能薄膜材料制备,,专业：5(不含推免)
473,北京石油化工学院,统考,材料科学与工程学院,,(专业学位)化学工程,全日制,化工新材料及复合材料,,专业：10(不含推免)
474,北京石油化工学院,统考,经济管理学院,,会计学,全日制,财务管理,,专业：4(不含推免)
475,北京石油化工学院,统考,经济管理学院,,企业管理,全日制,企业管理,,专业：3(不含推免)
476,北京石油化工学院,统考,人文社科学院,,旅游管理,全日制,旅游管理,,专业：5(不含推免)
477,北京石油化工学院,统考,安全工程学院,,(专业学位)化学工程,全日制,化学品安全技术,,专业：15(不含推免)
478,北京石油化工学院,统考,安全工程学院,,(专业学位)化学工程,全日制,工艺与设备爆炸安全技术,,专业：15(不含推免)
479,北京电子科技学院,统考,不区分院系所,,网络空间安全,全日制,不区分研究方向,①密码学及应用导师组、②网络安全导师组、③系统安全导师组、④应用安全导师组,专业：16(不含推免)
480,北京电子科技学院,统考,不区分院系所,,(专业学位)电子与通信工程,全日制,不区分研究方向,王建新、毛  明、刘  冰、池亚平、李兆斌、李梦东、杨亚涛、杨建喜、张  磊、陈辉焱、周长春、胡荣磊、袁  征、袁  琼、高献伟、蒋  华、蒋桂秋、韩妍妍、曾  萍、鞠  磊、魏占祯,专业：17(不含推免)
481,北京电子科技学院,统考,不区分院系所,,(专业学位)计算机技术,全日制,不区分研究方向,史国振、刘  飚、许盛伟、李  莉、李艳俊、李晓东、张晓昆、张克君、陈小明、欧海文、封化民、赵  耿、钱  榕、童新海、谢四江、谢绒娜、李凤华,专业：17(不含推免)
482,中国农业大学,统考,农学院,,作物栽培学与耕作学,全日制,作物栽培工程,,专业：13(不含推免)
483,中国农业大学,统考,农学院,,作物栽培学与耕作学,全日制,作物化学控制和生物调节剂,,专业：13(不含推免)
484,中国农业大学,统考,农学院,,作物栽培学与耕作学,全日制,农作制度研究,,专业：13(不含推免)
485,中国农业大学,统考,农学院,,作物栽培学与耕作学,全日制,农田生态健康,,专业：13(不含推免)
486,中国农业大学,统考,农学院,,作物栽培学与耕作学,全日制,能源作物栽培,,专业：13(不含推免)
487,中国农业大学,统考,农学院,,作物栽培学与耕作学,全日制,作物节水高产栽培,,专业：13(不含推免)
488,中国农业大学,统考,农学院,,作物遗传育种,全日制,作物育种原理与分子技术应用,,专业：28(不含推免)
489,中国农业大学,统考,农学院,,作物遗传育种,全日制,作物杂种优势机理及利用,,专业：28(不含推免)
490,中国农业大学,统考,农学院,,作物遗传育种,全日制,作物细胞工程及应用,,专业：28(不含推免)
491,中国农业大学,统考,农学院,,作物遗传育种,全日制,作物分子遗传学,,专业：28(不含推免)
492,中国农业大学,统考,农学院,,作物遗传育种,全日制,作物基因组学和生物信息学,,专业：28(不含推免)
493,中国农业大学,统考,农学院,,种子科学与技术,全日制,种子发育生理与分子生物学,,专业：3(不含推免)
494,中国农业大学,统考,农学院,,种子科学与技术,全日制,作物种子生产原理与方法,,专业：3(不含推免)
495,中国农业大学,统考,农学院,,作物生理学,全日制,作物高产高效生理,,专业：2(不含推免)
496,中国农业大学,统考,农学院,,作物生理学,全日制,作物逆境生理,,专业：2(不含推免)
497,中国农业大学,统考,农学院,,作物生理学,全日制,作物品质生理,,专业：2(不含推免)
498,中国农业大学,统考,农学院,,作物生理学,全日制,植物激素调控,,专业：2(不含推免)
499,中国农业大学,统考,农学院,,生物质工程,全日制,木质纤维素降解与转化,,专业：2(不含推免)
500,中国农业大学,统考,农学院,,生物质工程,全日制,生物天然气工程与技术,,专业：2(不含推免)
501,中国农业大学,统考,农学院,,(专业学位)农艺与种业,全日制,作物,,专业：34(不含推免)
502,中国农业大学,统考,农学院,,(专业学位)农艺与种业,全日制,种业,,专业：34(不含推免)
503,中国农业大学,统考,农学院,,(专业学位)农艺与种业,非全日制,作物,,专业：20(不含推免)
504,中国农业大学,统考,农学院,,(专业学位)农艺与种业,非全日制,种业,,专业：20(不含推免)
505,中国农业大学,统考,生物学院,,植物学,全日制,植物逆境机理,,专业：10(不含推免)
506,中国农业大学,统考,生物学院,,植物学,全日制,植物发育生物学,,专业：10(不含推免)
507,中国农业大学,统考,生物学院,,植物学,全日制,作物重要性状功能基因组学,,专业：10(不含推免)
508,中国农业大学,统考,生物学院,,植物学,全日制,植物基因表达调控的分子机理,,专业：10(不含推免)
509,中国农业大学,统考,生物学院,,生理学,全日制,生殖内分泌学,,专业：5(不含推免)
510,中国农业大学,统考,生物学院,,生理学,全日制,生殖与发育的细胞和分子机理,,专业：5(不含推免)
511,中国农业大学,统考,生物学院,,生理学,全日制,动物转基因克隆与胚胎发育的表现遗传学,,专业：5(不含推免)
512,北京农学院,统考,生物科学与工程学院,,生物工程,全日制,细胞培养与代谢工程,请登录北京农学院研究生招生网站http://yz.bua.edu.cn/查询或直接咨询相关学院,专业：4(不含推免)
513,北京农学院,统考,生物科学与工程学院,,生物工程,全日制,功能基因发掘与遗传改良工程,请登录北京农学院研究生招生网站http://yz.bua.edu.cn/查询或直接咨询相关学院,专业：4(不含推免)
514,北京农学院,统考,生物科学与工程学院,,生物工程,全日制,生物资源与环境工程,请登录北京农学院研究生招生网站http://yz.bua.edu.cn/查询或直接咨询相关学院,专业：4(不含推免)
515,北京农学院,统考,生物科学与工程学院,,(专业学位)生物工程,全日制,不区分方向,请登录北京农学院研究生招生网站http://yz.bua.edu.cn/查询或直接咨询相关学院,专业：16(不含推免)
516,北京农学院,统考,生物科学与工程学院,,(专业学位)生物工程,非全日制,不区分方向,请登录北京农学院研究生招生网站http://yz.bua.edu.cn/查询或直接咨询相关学院,专业：6(不含推免)
517,北京农学院,统考,植物科学技术学院,,作物学,全日制,作物种质资源创新与利用,请登录北京农学院研究生招生网站http://yz.bua.edu.cn/查询或直接咨询相关学院,专业：4(不含推免)
518,北京农学院,统考,植物科学技术学院,,作物学,全日制,作物分子遗传学,请登录北京农学院研究生招生网站http://yz.bua.edu.cn/查询或直接咨询相关学院,专业：4(不含推免)
519,北京农学院,统考,植物科学技术学院,,作物学,全日制,作物栽培与耕作,请登录北京农学院研究生招生网站http://yz.bua.edu.cn/查询或直接咨询相关学院,专业：4(不含推免)
520,北京农学院,统考,植物科学技术学院,,作物学,全日制,种子科学与技术,请登录北京农学院研究生招生网站http://yz.bua.edu.cn/查询或直接咨询相关学院,专业：4(不含推免)
521,北京农学院,统考,植物科学技术学院,,园艺学,全日制,园艺植物种质资源创新利用,请登录北京农学院研究生招生网站http://yz.bua.edu.cn/查询或直接咨询相关学院,专业：18(不含推免)
522,北京农学院,统考,植物科学技术学院,,园艺学,全日制,设施园艺,请登录北京农学院研究生招生网站http://yz.bua.edu.cn/查询或直接咨询相关学院,专业：18(不含推免)
523,北京农学院,统考,植物科学技术学院,,园艺学,全日制,绿色园艺生态调控,请登录北京农学院研究生招生网站http://yz.bua.edu.cn/查询或直接咨询相关学院,专业：18(不含推免)
524,北京农学院,统考,植物科学技术学院,,园艺学,全日制,园艺植物发育生物学,请登录北京农学院研究生招生网站http://yz.bua.edu.cn/查询或直接咨询相关学院,专业：18(不含推免)
525,北京农学院,统考,植物科学技术学院,,植物保护,全日制,植物病理学,请登录北京农学院研究生招生网站http://yz.bua.edu.cn/查询或直接咨询相关学院,专业：4(不含推免)
526,北京农学院,统考,植物科学技术学院,,植物保护,全日制,昆虫学,请登录北京农学院研究生招生网站http://yz.bua.edu.cn/查询或直接咨询相关学院,专业：4(不含推免)
527,北京农学院,统考,植物科学技术学院,,植物保护,全日制,农药与环境安全,请登录北京农学院研究生招生网站http://yz.bua.edu.cn/查询或直接咨询相关学院,专业：4(不含推免)
528,北京农学院,统考,植物科学技术学院,,(专业学位)农艺与种业,全日制,农学,请登录北京农学院研究生招生网站http://yz.bua.edu.cn/查询或直接咨询相关学院,专业：37(不含推免)
529,北京农学院,统考,植物科学技术学院,,(专业学位)农艺与种业,全日制,园艺,请登录北京农学院研究生招生网站http://yz.bua.edu.cn/查询或直接咨询相关学院,专业：37(不含推免)
530,北京农学院,统考,植物科学技术学院,,(专业学位)农艺与种业,非全日制,农学,请登录北京农学院研究生招生网站http://yz.bua.edu.cn/查询或直接咨询相关学院,专业：6(不含推免)
531,北京农学院,统考,植物科学技术学院,,(专业学位)农艺与种业,非全日制,园艺,请登录北京农学院研究生招生网站http://yz.bua.edu.cn/查询或直接咨询相关学院,专业：6(不含推免)
532,北京农学院,统考,植物科学技术学院,,(专业学位)资源利用与植物保护,全日制,农业资源环境,请登录北京农学院研究生招生网站http://yz.bua.edu.cn/查询或直接咨询相关学院,专业：18(不含推免)
533,北京农学院,统考,植物科学技术学院,,(专业学位)资源利用与植物保护,全日制,植物保护,请登录北京农学院研究生招生网站http://yz.bua.edu.cn/查询或直接咨询相关学院,专业：18(不含推免)
534,北京农学院,统考,植物科学技术学院,,(专业学位)资源利用与植物保护,非全日制,农业资源环境,请登录北京农学院研究生招生网站http://yz.bua.edu.cn/查询或直接咨询相关学院,专业：6(不含推免)
535,北京农学院,统考,植物科学技术学院,,(专业学位)资源利用与植物保护,非全日制,植物保护,请登录北京农学院研究生招生网站http://yz.bua.edu.cn/查询或直接咨询相关学院,专业：6(不含推免)
536,北京农学院,统考,动物科学技术学院,,畜牧学,全日制,动物遗传育种与繁殖技术,请登录北京农学院研究生招生网站http://yz.bua.edu.cn/查询或直接咨询相关学院,专业：4(不含推免)
537,北京农学院,统考,动物科学技术学院,,畜牧学,全日制,动物营养与饲料科学,请登录北京农学院研究生招生网站http://yz.bua.edu.cn/查询或直接咨询相关学院,专业：4(不含推免)
538,北京农学院,统考,动物科学技术学院,,畜牧学,全日制,动物健康养殖,请登录北京农学院研究生招生网站http://yz.bua.edu.cn/查询或直接咨询相关学院,专业：4(不含推免)
539,北京农学院,统考,动物科学技术学院,,兽医学,全日制,基础兽医学,请登录北京农学院研究生招生网站http://yz.bua.edu.cn/查询或直接咨询相关学院,专业：15(不含推免)
540,北京农学院,统考,动物科学技术学院,,兽医学,全日制,中兽医学,请登录北京农学院研究生招生网站http://yz.bua.edu.cn/查询或直接咨询相关学院,专业：15(不含推免)
541,北京农学院,统考,动物科学技术学院,,兽医学,全日制,临床兽医学,请登录北京农学院研究生招生网站http://yz.bua.edu.cn/查询或直接咨询相关学院,专业：15(不含推免)
542,北京林业大学,统考,林学院,,地图学与地理信息系统,全日制,3S技术集成与开发应用,冯仲科 岳德鹏 张晓丽  王佳 王瑞瑞 黄季夏,专业：6(不含推免)
543,北京林业大学,统考,林学院,,地图学与地理信息系统,全日制,地理信息基础与开发,黄季夏,专业：6(不含推免)
544,北京林业大学,统考,林学院,,地图学与地理信息系统,全日制,资源监测与信息化管理,冯仲科 岳德鹏 张晓丽  黄华国 王佳 王瑞瑞,专业：6(不含推免)
545,北京林业大学,统考,林学院,,生态学,全日制,森林生态学,李俊清 孙建新 韩海荣 刘艳红 刘晓东 王襄平 郑景明 同小娟 周志勇 杜芳 王鹤松 姜超,专业：13(不含推免)
546,北京林业大学,统考,林学院,,生态学,全日制,恢复生态与生物多样性保护,李俊清 李景文 刘艳红 郑景明 侯继华,专业：13(不含推免)
547,北京林业大学,统考,林学院,,生态学,全日制,生态规划与管理,韩海荣 刘晓东,专业：13(不含推免)
548,北京林业大学,统考,林学院,,生态学,全日制,全球变化生态学,王襄平 同小娟 王鹤松 姜超,专业：13(不含推免)
549,北京林业大学,统考,林学院,,土壤学,全日制,土壤生态,孙向阳 耿玉清 李素艳 戴伟 聂立水 王海燕 栾亚宁,专业：9(不含推免)
550,北京林业大学,统考,林学院,,土壤学,全日制,土壤资源与环境,聂立水 张璐,专业：9(不含推免)
551,北京林业大学,统考,林学院,,土壤学,全日制,土壤修复与健康,耿玉清 李素艳 戴伟 王海燕 栾亚宁 张璐,专业：9(不含推免)
552,北京林业大学,统考,林学院,,森林培育,全日制,林木种苗培育理论与技术,刘勇 郭素娟 彭祚登 李国雷,专业：13(不含推免)
553,北京林业大学,统考,林学院,,森林培育,全日制,生态林与城市森林培育理论与技术,马履一 贾黎明 刘勇 贾忠奎 彭祚登,专业：13(不含推免)
554,北京林业大学,统考,林学院,,森林培育,全日制,用材与能源林培育理论与技术,贾黎明 马履一 苏淑钗 张凌云 贾忠奎 侯智霞 敖妍 席本野,专业：13(不含推免)
555,北京林业大学,统考,林学院,,森林培育,全日制,经济林（果树）培育与利用,苏淑钗 郭素娟 张凌云 侯智霞,专业：13(不含推免)
556,北京林业大学,统考,林学院,,森林保护学,全日制,森林昆虫学,骆有庆 武三安 温俊宝 宗世祥 石娟 陆鹏飞 陶静,专业：15(不含推免)
557,北京林业大学,统考,林学院,,森林保护学,全日制,林木病理学,田呈明 王永林 梁英梅 戴玉成 崔宝凯 何双辉,专业：15(不含推免)
558,北京林业大学,统考,林学院,,森林保护学,全日制,昆虫与菌物系统学,武三安 田呈明 梁英梅 戴玉成 崔宝凯 何双辉 张英,专业：15(不含推免)
559,北京林业大学,统考,林学院,,森林保护学,全日制,植物检疫,温俊宝 石娟,专业：15(不含推免)
560,北京林业大学,统考,林学院,,森林经理学,全日制,森林经营理论与技术,赵秀海 张春雨 王新杰 孟京辉,专业：11(不含推免)
561,北京林业大学,统考,林学院,,森林经理学,全日制,森林资源调查与监测,赵秀海 彭道黎 孙玉军 王新杰 杨华 付玉杰,专业：11(不含推免)
562,北京林业大学,统考,林学院,,森林经理学,全日制,森林生长收获与模型模拟,孙玉军 刘琪璟 杨华 孟京辉,专业：11(不含推免)
563,北京林业大学,统考,林学院,,森林经理学,全日制,林业遥感与信息技术,彭道黎 刘琪璟 黄华国,专业：11(不含推免)
564,北京林业大学,统考,林学院,,城市林业,全日制,不分方向,徐程扬 李国雷,专业：3(不含推免)
565,北京林业大学,统考,林学院,,草学,全日制,草坪科学与管理,韩烈保 尹淑霞 常智慧 宋桂龙 许立新,专业：6(不含推免)
566,北京林业大学,统考,林学院,,草学,全日制,高尔夫球场及运动场建设与管理,韩烈保 常智慧 宋桂龙,专业：6(不含推免)
567,北京林业大学,统考,林学院,,草学,全日制,草地植物栽培与育种,韩烈保 尹淑霞 曾会明 许立新,专业：6(不含推免)
568,北京林业大学,统考,林学院,,草学,全日制,草地资源与生态,苏德荣 纪宝明,专业：6(不含推免)
569,北京林业大学,统考,林学院,,(专业学位)农艺与种业,全日制,不分方向,韩烈保 尹淑霞 常智慧 宋桂龙 苏德荣 纪宝明 许立新,专业：6(不含推免)
570,北京林业大学,统考,林学院,,(专业学位)农业工程与信息技术,全日制,不分方向,冯仲科 岳德鹏 张晓丽 王佳 王瑞瑞 黄季夏,专业：5(不含推免)
571,北京林业大学,统考,林学院,,(专业学位)林业,全日制,森林培育,马履一 贾黎明 刘勇 郭素娟 苏淑钗 张凌云 侯智霞 贾忠奎 彭祚登 敖妍 席本野,专业：53(不含推免)
572,北京协和医学院,统考,北京协和医院,,病理学与病理生理学,全日制,病理学与病理生理学(学术型),详见我校招生专业目录,研究方向：1(不含推免)
573,北京协和医学院,统考,北京协和医院,,放射医学,全日制,放射医学(学术型),详见我校招生专业目录,研究方向：1(不含推免)
574,北京协和医学院,统考,北京协和医院,,内科学,全日制,内科学(学术型),详见我校招生专业目录,研究方向：5(不含推免)
575,北京协和医学院,统考,北京协和医院,,儿科学,全日制,内科学(学术型),详见我校招生专业目录,研究方向：0(不含推免)
576,北京协和医学院,统考,北京协和医院,,精神病与精神卫生学,全日制,精神病与精神卫生学(学术型),详见我校招生专业目录,研究方向：0(不含推免)
577,北京协和医学院,统考,北京协和医院,,临床检验诊断学,全日制,临床检验诊断学(学术型),详见我校招生专业目录,研究方向：0(不含推免)
578,北京协和医学院,统考,北京协和医院,,外科学,全日制,外科学(学术型),详见我校招生专业目录,研究方向：1(不含推免)
579,北京协和医学院,统考,北京协和医院,,妇产科学,全日制,妇产科学(学术型),详见我校招生专业目录,研究方向：1(不含推免)
580,北京协和医学院,统考,北京协和医院,,中西医结合临床,全日制,中西医结合临床(学术型),详见我校招生专业目录,研究方向：1(不含推免)
581,北京协和医学院,统考,北京协和医院,,药理学,全日制,药理学(学术型),详见我校招生专业目录,研究方向：1(不含推免)
582,北京协和医学院,统考,北京协和医院,,(专业学位)内科学,全日制,内科学(专业学位),详见我校招生专业目录,研究方向：7(不含推免)
583,北京协和医学院,统考,北京协和医院,,(专业学位)神经病学,全日制,神经病学(专业学位),详见我校招生专业目录,研究方向：0(不含推免)
584,北京协和医学院,统考,北京协和医院,,(专业学位)皮肤病与性病学,全日制,皮肤病与性病学(专业学位),详见我校招生专业目录,研究方向：1(不含推免)
585,北京协和医学院,统考,北京协和医院,,(专业学位)影像医学与核医学,全日制,影像医学与核医学(专业学位),详见我校招生专业目录,研究方向：2(不含推免)
586,北京协和医学院,统考,北京协和医院,,(专业学位)临床检验诊断学,全日制,临床检验诊断学(专业学位),详见我校招生专业目录,研究方向：1(不含推免)
587,北京协和医学院,统考,北京协和医院,,(专业学位)外科学,全日制,外科学(专业学位),详见我校招生专业目录,研究方向：2(不含推免)
588,北京协和医学院,统考,北京协和医院,,(专业学位)妇产科学,全日制,妇产科学(专业学位),详见我校招生专业目录,研究方向：3(不含推免)
589,北京协和医学院,统考,北京协和医院,,(专业学位)眼科学,全日制,眼科学(专业学位),详见我校招生专业目录,研究方向：0(不含推免)
590,北京协和医学院,统考,北京协和医院,,(专业学位)耳鼻咽喉科学,全日制,耳鼻咽喉科学(专业学位),详见我校招生专业目录,研究方向：1(不含推免)
591,北京协和医学院,统考,北京协和医院,,(专业学位)肿瘤学,全日制,内科学(专业学位),详见我校招生专业目录,研究方向：0(不含推免)
592,北京协和医学院,统考,北京协和医院,,(专业学位)麻醉学,全日制,麻醉学(专业学位),详见我校招生专业目录,研究方向：0(不含推免)
593,北京协和医学院,统考,北京协和医院,,(专业学位)急诊医学,全日制,急诊医学(专业学位),详见我校招生专业目录,研究方向：2(不含推免)
594,北京协和医学院,统考,北京协和医院,,(专业学位)全科医学（不授博士学位）,全日制,全科医学(专业学位),详见我校招生专业目录,研究方向：1(不含推免)
595,北京协和医学院,统考,北京协和医院,,(专业学位)护理,全日制,护理(专业学位),详见我校招生专业目录,研究方向：0(不含推免)
596,北京协和医学院,统考,北京协和医院,,(专业学位)药学,全日制,药剂学(专业学位),详见我校招生专业目录,研究方向：1(不含推免)
597,北京协和医学院,统考,阜外医院,,生理学,全日制,生理学(学术型),详见我校招生专业目录,研究方向：2(不含推免)
598,北京协和医学院,统考,阜外医院,,遗传学,全日制,遗传学(学术型),详见我校招生专业目录,研究方向：2(不含推免)
599,北京协和医学院,统考,阜外医院,,生物化学与分子生物学,全日制,生物化学与分子生物学(学术型),详见我校招生专业目录,研究方向：2(不含推免)
600,北京协和医学院,统考,阜外医院,,生物医学工程,全日制,电子科学与技术(学术型),详见我校招生专业目录,研究方向：1(不含推免)
601,北京协和医学院,统考,阜外医院,,内科学,全日制,内科学(学术型),详见我校招生专业目录,研究方向：6(不含推免)
602,首都医科大学,统考,基础医学院,,动物学,全日制,阿尔茨海默病动物模型研制、早期无创诊断研发研究,,专业：1(不含推免)
603,首都医科大学,统考,基础医学院,,动物学,全日制,实验动物遗传与发育研究,,专业：1(不含推免)
604,首都医科大学,统考,基础医学院,,动物学,全日制,人类重大疾病动物模型的比较医学研究,,专业：1(不含推免)
605,首都医科大学,统考,基础医学院,,生理学,全日制,离子通道与代谢紊乱相关心血管疾病研究,,专业：3(不含推免)
606,首都医科大学,统考,基础医学院,,生理学,全日制,帕金森病运动环路的神经调控研究,,专业：3(不含推免)
607,首都医科大学,统考,基础医学院,,生理学,全日制,离子通道与胃肠动力研究,,专业：3(不含推免)
608,首都医科大学,统考,基础医学院,,生理学,全日制,消化道粘膜分泌与吸收研究,,专业：3(不含推免)
609,首都医科大学,统考,基础医学院,,生理学,全日制,肠道微环境与胃肠功能的神经、内分泌及免疫调节研究,,专业：3(不含推免)
610,首都医科大学,统考,基础医学院,,生理学,全日制,阿尔茨海默病相关认知环路的功能研究,,专业：3(不含推免)
611,首都医科大学,统考,基础医学院,,生理学,全日制,脑肠胺、脑肠轴与胃肠胰腺功能与功能紊乱的机制研究,,专业：3(不含推免)
612,首都医科大学,统考,基础医学院,,神经生物学,全日制,神经干细胞及其微环境在衰老相关疾病过程中的作用研究,,专业：8(不含推免)
613,首都医科大学,统考,基础医学院,,神经生物学,全日制,基底神经节相关疾病在神经通路水平的机制研究,,专业：8(不含推免)
614,首都医科大学,统考,基础医学院,,神经生物学,全日制,脑卒中损伤和干预分子机制研究,,专业：8(不含推免)
615,首都医科大学,统考,基础医学院,,神经生物学,全日制,应用组织工程学方法修复神经系统损伤的研究,,专业：8(不含推免)
616,首都医科大学,统考,基础医学院,,神经生物学,全日制,情绪及认知环路在慢性痛及其共病（抑郁）中的作用研究,,专业：8(不含推免)
617,首都医科大学,统考,基础医学院,,神经生物学,全日制,神经系统退变性疾病研究,,专业：8(不含推免)
618,首都医科大学,统考,基础医学院,,神经生物学,全日制,神经递质受体和重大脑病研究,,专业：8(不含推免)
619,首都医科大学,统考,基础医学院,,神经生物学,全日制,应用组织工程学的方法修复神经系统损伤的研究,,专业：8(不含推免)
620,首都医科大学,统考,基础医学院,,神经生物学,全日制,慢性疼痛、神经损伤研究,,专业：8(不含推免)
621,首都医科大学,统考,基础医学院,,神经生物学,全日制,帕金森病分子机制及诊治新途径研究,,专业：8(不含推免)
622,首都医科大学,统考,基础医学院,,神经生物学,全日制,抑郁症的发病机制研究,,专业：8(不含推免)
623,首都医科大学,统考,基础医学院,,神经生物学,全日制,缺血、低氧损伤机制及干预策略研究,,专业：8(不含推免)
624,首都医科大学,统考,基础医学院,,神经生物学,全日制,阿尔兹海默症和孤独症发病机制研究,,专业：8(不含推免)
625,首都医科大学,统考,基础医学院,,神经生物学,全日制,帕金森病信号转导通路的调控及治疗研究,,专业：8(不含推免)
626,首都医科大学,统考,基础医学院,,神经生物学,全日制,帕金森病相关蛋白的结构-功能关系研究,,专业：8(不含推免)
627,首都医科大学,统考,基础医学院,,神经生物学,全日制,神经元-胶质细胞相互作用在帕金森病发病及治疗中的机制研究,,专业：8(不含推免)
628,首都医科大学,统考,基础医学院,,遗传学,全日制,肿瘤标记物、遗传病分子机制研究,,专业：1(不含推免)
629,首都医科大学,统考,基础医学院,,遗传学,全日制,神经发育、遗传与相关疾病的研究,,专业：1(不含推免)
630,首都医科大学,统考,基础医学院,,细胞生物学,全日制,肝细胞的保护与再生的分子生物学研究,,专业：2(不含推免)
631,首都医科大学,统考,基础医学院,,细胞生物学,全日制,间充质干细胞在肝脏损伤修复中的作用及调控研究,,专业：2(不含推免)
632,北京中医药大学,统考,中医学院,,中医基础理论,全日制,不区分研究方向,,专业：11(不含推免)
633,北京中医药大学,统考,中医学院,,中医临床基础,全日制,不区分研究方向,,专业：32(不含推免)
634,北京中医药大学,统考,中医学院,,中医医史文献,全日制,不区分研究方向,,专业：8(不含推免)
635,北京中医药大学,统考,中医学院,,方剂学,全日制,不区分研究方向,,专业：3(不含推免)
636,北京中医药大学,统考,中医学院,,中医诊断学,全日制,不区分研究方向,,专业：12(不含推免)
637,北京中医药大学,统考,中医学院,,中医诊断学,非全日制,不区分研究方向,,专业：1(不含推免)
638,北京中医药大学,统考,中医学院,,中医体质学,全日制,不区分研究方向,,专业：10(不含推免)
639,北京中医药大学,统考,中医学院,,中医临床药学,全日制,不区分研究方向,,专业：10(不含推免)
640,北京中医药大学,统考,中医学院,,中医养生康复学,全日制,不区分研究方向,,专业：2(不含推免)
641,北京中医药大学,统考,中医学院,,中医文化学,全日制,不区分研究方向,,专业：6(不含推免)
642,北京中医药大学,统考,中医学院,,中医文化学,非全日制,不区分研究方向,,专业：1(不含推免)
643,北京中医药大学,统考,中医学院,,中西医结合基础,全日制,不区分研究方向,,专业：19(不含推免)
644,北京中医药大学,统考,中医学院,,中西医结合循证医学,全日制,不区分研究方向,,专业：5(不含推免)
645,北京中医药大学,统考,中医学院,,中西医结合药理学,全日制,不区分研究方向,,专业：20(不含推免)
646,北京中医药大学,统考,中医学院,,中西医结合药理学,非全日制,不区分研究方向,,专业：1(不含推免)
647,北京中医药大学,统考,生命科学学院,,中医养生康复学,全日制,不区分研究方向,,专业：2(不含推免)
648,北京中医药大学,统考,生命科学学院,,中西医结合基础,全日制,不区分研究方向,,专业：32(不含推免)
649,北京中医药大学,统考,生命科学学院,,中西医结合药理学,全日制,不区分研究方向,,专业：7(不含推免)
650,北京中医药大学,统考,生命科学学院,,微生物与生化药学,全日制,不区分研究方向,,专业：18(不含推免)
651,北京中医药大学,统考,临床医学院（东直门医院）,,中医内科学,全日制,不区分研究方向,,专业：6(不含推免)
652,北京中医药大学,统考,临床医学院（东直门医院）,,针灸推拿学,全日制,不区分研究方向,,专业：1(不含推免)
653,北京中医药大学,统考,临床医学院（东直门医院）,,中西医结合临床,全日制,不区分研究方向,,专业：16(不含推免)
654,北京中医药大学,统考,临床医学院（东直门医院）,,(专业学位)中医内科学,全日制,不区分研究方向,,专业：51(不含推免)
655,北京中医药大学,统考,临床医学院（东直门医院）,,(专业学位)中医外科学,全日制,不区分研究方向,,专业：13(不含推免)
656,北京中医药大学,统考,临床医学院（东直门医院）,,(专业学位)中医妇科学,全日制,不区分研究方向,,专业：5(不含推免)
657,北京中医药大学,统考,临床医学院（东直门医院）,,(专业学位)中医儿科学,全日制,不区分研究方向,,专业：3(不含推免)
658,北京中医药大学,统考,临床医学院（东直门医院）,,(专业学位)针灸推拿学,全日制,不区分研究方向,,专业：11(不含推免)
659,北京中医药大学,统考,临床医学院（东直门医院）,,(专业学位)中西医结合临床,全日制,不区分研究方向,,专业：60(不含推免)
660,北京中医药大学,统考,临床医学院（东方医院）,,针灸推拿学,全日制,不区分研究方向,,专业：1(不含推免)
661,北京中医药大学,统考,临床医学院（东方医院）,,(专业学位)中医内科学,全日制,不区分研究方向,,专业：24(不含推免)
662,北京师范大学,统考,哲学学院,,马克思主义哲学,全日制,人的哲学与社会发展,,专业：2(不含推免)
663,北京师范大学,统考,哲学学院,,马克思主义哲学,全日制,价值哲学与当代社会问题,,专业：2(不含推免)
664,北京师范大学,统考,哲学学院,,马克思主义哲学,全日制,文化哲学与现代化理论,,专业：2(不含推免)
665,北京师范大学,统考,哲学学院,,马克思主义哲学,全日制,唯物史观与现代性问题,,专业：2(不含推免)
666,北京师范大学,统考,哲学学院,,马克思主义哲学,全日制,马克思 恩格斯 列宁哲学思想,,专业：2(不含推免)
667,北京师范大学,统考,哲学学院,,马克思主义哲学,全日制,国外马克思主义哲学,,专业：2(不含推免)
668,北京师范大学,统考,哲学学院,,中国哲学,全日制,中国古代哲学,,专业：3(不含推免)
669,北京师范大学,统考,哲学学院,,中国哲学,全日制,中国现当代哲学,,专业：3(不含推免)
670,北京师范大学,统考,哲学学院,,中国哲学,全日制,易学与中国文化,,专业：3(不含推免)
671,北京师范大学,统考,哲学学院,,中国哲学,全日制,中国传统哲学与民族精神研究,,专业：3(不含推免)
672,北京师范大学,统考,哲学学院,,中国哲学,全日制,儒学与社会发展,,专业：3(不含推免)
673,北京师范大学,统考,哲学学院,,外国哲学,全日制,西方历史哲学,,专业：3(不含推免)
674,北京师范大学,统考,哲学学院,,外国哲学,全日制,分析哲学,,专业：3(不含推免)
675,北京师范大学,统考,哲学学院,,外国哲学,全日制,语言哲学,,专业：3(不含推免)
676,北京师范大学,统考,哲学学院,,外国哲学,全日制,实用主义,,专业：3(不含推免)
677,北京师范大学,统考,哲学学院,,外国哲学,全日制,西方政治哲学,,专业：3(不含推免)
678,北京师范大学,统考,哲学学院,,外国哲学,全日制,古希腊哲学与德国古典哲学,,专业：3(不含推免)
679,北京师范大学,统考,哲学学院,,逻辑学,全日制,现代逻辑及应用,,专业：1(不含推免)
680,北京师范大学,统考,哲学学院,,逻辑学,全日制,哲学逻辑和逻辑哲学,,专业：1(不含推免)
681,北京师范大学,统考,哲学学院,,逻辑学,全日制,语言逻辑,,专业：1(不含推免)
682,北京师范大学,统考,哲学学院,,逻辑学,全日制,人工智能逻辑,,专业：1(不含推免)
683,北京师范大学,统考,哲学学院,,伦理学,全日制,伦理学原理,,专业：2(不含推免)
684,北京师范大学,统考,哲学学院,,伦理学,全日制,中西伦理学思想史,,专业：2(不含推免)
685,北京师范大学,统考,哲学学院,,伦理学,全日制,应用伦理理论与方法,,专业：2(不含推免)
686,北京师范大学,统考,哲学学院,,伦理学,全日制,公共管理伦理学,,专业：2(不含推免)
687,北京师范大学,统考,哲学学院,,伦理学,全日制,教育伦理学,,专业：2(不含推免)
688,北京师范大学,统考,哲学学院,,美学,全日制,美学原理与美育,,专业：1(不含推免)
689,北京师范大学,统考,哲学学院,,美学,全日制,中国美学与艺术,,专业：1(不含推免)
690,北京师范大学,统考,哲学学院,,美学,全日制,西方美学与艺术,,专业：1(不含推免)
691,北京师范大学,统考,哲学学院,,美学,全日制,德国古典美学与哲学,,专业：1(不含推免)
692,首都师范大学,统考,政法学院,,马克思主义哲学,全日制,马克思主义哲学发展史,,专业：6(不含推免)
693,首都师范大学,统考,政法学院,,马克思主义哲学,全日制,人学理论,,专业：6(不含推免)
694,首都师范大学,统考,政法学院,,马克思主义哲学,全日制,马克思主义辩证法研究,,专业：6(不含推免)
695,首都师范大学,统考,政法学院,,马克思主义哲学,全日制,文化哲学,,专业：6(不含推免)
696,首都师范大学,统考,政法学院,,马克思主义哲学,全日制,政治哲学,,专业：6(不含推免)
697,首都师范大学,统考,政法学院,,中国哲学,全日制,中国古代哲学,,专业：4(不含推免)
698,首都师范大学,统考,政法学院,,中国哲学,全日制,中国近现代哲学,,专业：4(不含推免)
699,首都师范大学,统考,政法学院,,中国哲学,全日制,儒学与中国文化,,专业：4(不含推免)
700,首都师范大学,统考,政法学院,,外国哲学,全日制,当代欧陆哲学（现象学与解释学）,,专业：4(不含推免)
701,首都师范大学,统考,政法学院,,外国哲学,全日制,英美分析哲学（语言哲学与心智哲学）,,专业：4(不含推免)
702,首都师范大学,统考,政法学院,,外国哲学,全日制,古典哲学（古希腊哲学与德国古典哲学）,,专业：4(不含推免)
703,首都师范大学,统考,政法学院,,外国哲学,全日制,政治哲学与道德哲学,,专业：4(不含推免)
704,首都师范大学,统考,政法学院,,逻辑学,全日制,符号逻辑,,专业：3(不含推免)
705,首都师范大学,统考,政法学院,,逻辑学,全日制,逻辑哲学与语言逻辑,,专业：3(不含推免)
706,首都师范大学,统考,政法学院,,伦理学,全日制,经济伦理研究,,专业：4(不含推免)
707,首都师范大学,统考,政法学院,,伦理学,全日制,中国传统伦理与现代化,,专业：4(不含推免)
708,首都师范大学,统考,政法学院,,伦理学,全日制,西方伦理思想研究,,专业：4(不含推免)
709,首都师范大学,统考,政法学院,,伦理学,全日制,当代社会伦理研究,,专业：4(不含推免)
710,首都师范大学,统考,政法学院,,美学,全日制,艺术美学,,专业：2(不含推免)
711,首都师范大学,统考,政法学院,,宗教学,全日制,儒教研究,,专业：2(不含推免)
712,首都师范大学,统考,政法学院,,科学技术哲学,全日制,科学哲学,,专业：1(不含推免)
713,首都师范大学,统考,政法学院,,法学理论,全日制,法理学与法哲学,,专业：2(不含推免)
714,首都师范大学,统考,政法学院,,宪法学与行政法学,全日制,基本权利研究,,专业：5(不含推免)
715,首都师范大学,统考,政法学院,,宪法学与行政法学,全日制,法治与公共行政,,专业：5(不含推免)
716,首都师范大学,统考,政法学院,,刑法学,全日制,刑事政策学,,专业：2(不含推免)
717,首都师范大学,统考,政法学院,,刑法学,全日制,犯罪学,,专业：2(不含推免)
718,首都师范大学,统考,政法学院,,民商法学,全日制,民法学,,专业：4(不含推免)
719,首都师范大学,统考,政法学院,,民商法学,全日制,商法学,,专业：4(不含推免)
720,首都师范大学,统考,政法学院,,政治学理论,全日制,政治学原理,,专业：5(不含推免)
721,首都师范大学,统考,政法学院,,政治学理论,全日制,中外政治思想,,专业：5(不含推免)
722,首都体育学院,统考,不区分院系所,,应用心理学,全日制,体育运动心理测量方法,,研究方向：1(不含推免)
723,首都体育学院,统考,不区分院系所,,应用心理学,全日制,青少年心理调节与心理健康,,研究方向：0(不含推免)
724,首都体育学院,统考,不区分院系所,,应用心理学,全日制,脑科学与运动认知,,研究方向：0(不含推免)
725,首都体育学院,统考,不区分院系所,,应用心理学,全日制,青少年体育参与的心理动力,,研究方向：0(不含推免)
726,首都体育学院,统考,不区分院系所,,体育人文社会学,全日制,学校体育学(含学前体育方向),,研究方向：5(不含推免)
727,首都体育学院,统考,不区分院系所,,体育人文社会学,全日制,体育社会学(含社会体育、奥林匹克运动),,研究方向：5(不含推免)
728,首都体育学院,统考,不区分院系所,,体育人文社会学,全日制,休闲体育（含户外运动与棋牌）,,研究方向：2(不含推免)
729,首都体育学院,统考,不区分院系所,,体育人文社会学,全日制,体育经济与产业（含体育法学）,,研究方向：4(不含推免)
730,首都体育学院,统考,不区分院系所,,体育人文社会学,全日制,体育管理,,研究方向：1(不含推免)
731,首都体育学院,统考,不区分院系所,,体育人文社会学,全日制,体育新闻与传播,,研究方向：2(不含推免)
732,首都体育学院,统考,不区分院系所,,体育人文社会学,全日制,体育赛事管理与营销,,研究方向：5(不含推免)
733,首都体育学院,统考,不区分院系所,,运动人体科学,全日制,体育保健康复理论与应用,,研究方向：1(不含推免)
734,首都体育学院,统考,不区分院系所,,运动人体科学,全日制,运动生理生化（健康促进与运动能力）,,研究方向：7(不含推免)
735,首都体育学院,统考,不区分院系所,,运动人体科学,全日制,体育工程与运动技术分析,,研究方向：1(不含推免)
736,首都体育学院,统考,不区分院系所,,体育教育训练学,全日制,运动训练(竞赛)理论与实践,,研究方向：2(不含推免)
737,首都体育学院,统考,不区分院系所,,体育教育训练学,全日制,身体运动功能训练（含体能训练理论与实践）,,研究方向：2(不含推免)
738,首都体育学院,统考,不区分院系所,,体育教育训练学,全日制,篮球教学训练理论与实践,,研究方向：10(不含推免)
739,首都体育学院,统考,不区分院系所,,体育教育训练学,全日制,田径教学训练理论与实践,,研究方向：11(不含推免)
740,首都体育学院,统考,不区分院系所,,体育教育训练学,全日制,体操教学训练理论与实践（含健美操、艺术体操、体育舞蹈、舞蹈等）,,研究方向：8(不含推免)
741,首都体育学院,统考,不区分院系所,,体育教育训练学,全日制,排球教学训练理论与实践,,研究方向：3(不含推免)
742,首都体育学院,统考,不区分院系所,,体育教育训练学,全日制,足球教学训练理论与实践,,研究方向：1(不含推免)
743,首都体育学院,统考,不区分院系所,,体育教育训练学,全日制,小球教学训练理论与实践（含羽毛球、乒乓球、网球、高尔夫等）,,研究方向：3(不含推免)
744,首都体育学院,统考,不区分院系所,,体育教育训练学,全日制,冰雪教学训练理论与实践,,研究方向：1(不含推免)
745,首都体育学院,统考,不区分院系所,,民族传统体育学,全日制,民族传统体育理论与实践（含武术文化与国际传播）,,研究方向：0(不含推免)
746,首都体育学院,统考,不区分院系所,,民族传统体育学,全日制,武术套路教学训练理论与实践,,研究方向：0(不含推免)
747,首都体育学院,统考,不区分院系所,,民族传统体育学,全日制,竞技格斗类项目教学训练理论与实践（含跆拳道、散打、摔跤、柔道、拳击等）,,研究方向：0(不含推免)
748,首都体育学院,统考,不区分院系所,,民族传统体育学,全日制,民族民间体育教学训练理论与实践,,研究方向：0(不含推免)
749,首都体育学院,统考,不区分院系所,,民族传统体育学,全日制,传统体育养生理论与实践,,研究方向：0(不含推免)
750,首都体育学院,统考,不区分院系所,,运动康复学,全日制,运动损伤的预防与康复研究,,研究方向：1(不含推免)
751,首都体育学院,统考,不区分院系所,,运动康复学,全日制,慢性病与老年病的运动康复,,研究方向：0(不含推免)
752,北京外国语大学,统考,英语学院,,英语语言文学,全日制,英语语言学与应用语言学,,专业：34(不含推免)
753,北京外国语大学,统考,英语学院,,英语语言文学,全日制,英美文学,,专业：34(不含推免)
754,北京外国语大学,统考,英语学院,,英语语言文学,全日制,美国研究,,专业：34(不含推免)
755,北京外国语大学,统考,英语学院,,英语语言文学,全日制,英国研究,,专业：34(不含推免)
756,北京外国语大学,统考,英语学院,,英语语言文学,全日制,澳大利亚研究,,专业：34(不含推免)
757,北京外国语大学,统考,英语学院,,英语语言文学,全日制,爱尔兰研究,,专业：34(不含推免)
758,北京外国语大学,统考,英语学院,,翻译学,全日制,英语翻译理论与实践,,专业：4(不含推免)
759,北京外国语大学,统考,英语学院,,(专业学位)英语笔译,全日制,英语笔译（英语学院）,,专业：16(不含推免)
760,北京外国语大学,统考,英语学院,,(专业学位)英语口译,全日制,英语口译,,专业：14(不含推免)
761,北京外国语大学,统考,俄语学院,,俄语语言文学,全日制,现代俄语,,专业：6(不含推免)
762,北京外国语大学,统考,俄语学院,,俄语语言文学,全日制,俄罗斯文学,,专业：6(不含推免)
763,北京外国语大学,统考,俄语学院,,俄语语言文学,全日制,俄罗斯社会与文化,,专业：6(不含推免)
764,北京外国语大学,统考,俄语学院,,俄语语言文学,全日制,区域学（上海合作组织大学）,,专业：6(不含推免)
765,北京外国语大学,统考,俄语学院,,(专业学位)俄语笔译,全日制,俄语笔译,,专业：3(不含推免)
766,北京外国语大学,统考,俄语学院,,(专业学位)俄语口译,全日制,俄语口译,,专业：3(不含推免)
767,北京外国语大学,统考,法语系,,法语语言文学,全日制,法语语言学与外语教学法,,专业：6(不含推免)
768,北京外国语大学,统考,法语系,,法语语言文学,全日制,法语国家文学,,专业：6(不含推免)
769,北京外国语大学,统考,法语系,,法语语言文学,全日制,法语翻译理论与实践,,专业：6(不含推免)
770,北京外国语大学,统考,法语系,,法语语言文学,全日制,法语国家与地区研究,,专业：6(不含推免)
771,北京外国语大学,统考,法语系,,(专业学位)法语笔译,全日制,法语笔译,,专业：3(不含推免)
772,北京外国语大学,统考,法语系,,(专业学位)法语口译,全日制,法语口译,,专业：3(不含推免)
773,北京外国语大学,统考,德语系,,德语语言文学,全日制,德语语言学,,专业：14(不含推免)
774,北京外国语大学,统考,德语系,,德语语言文学,全日制,德语教学法,,专业：14(不含推免)
775,北京外国语大学,统考,德语系,,德语语言文学,全日制,德语文学,,专业：14(不含推免)
776,北京外国语大学,统考,德语系,,德语语言文学,全日制,德语翻译理论与实践,,专业：14(不含推免)
777,北京外国语大学,统考,德语系,,德语语言文学,全日制,德国外交与经济,,专业：14(不含推免)
778,北京外国语大学,统考,德语系,,德语语言文学,全日制,德语跨文化交流,,专业：14(不含推免)
779,北京外国语大学,统考,德语系,,(专业学位)德语笔译,全日制,德语笔译,,专业：3(不含推免)
780,北京外国语大学,统考,德语系,,(专业学位)德语口译,全日制,德语口译,,专业：2(不含推免)
781,北京外国语大学,统考,日语系,,日语语言文学,全日制,日本语言,,专业：4(不含推免)
782,北京第二外国语学院,统考,英语学院,,英语语言文学,全日制,理论语言学与应用语言学,,专业：35(不含推免)
783,北京第二外国语学院,统考,英语学院,,英语语言文学,全日制,英美社会文化,,专业：35(不含推免)
784,北京第二外国语学院,统考,英语学院,,英语语言文学,全日制,英美文学,,专业：35(不含推免)
785,北京第二外国语学院,统考,英语学院,,英语语言文学,全日制,国际事务研究,,专业：35(不含推免)
786,北京第二外国语学院,统考,英语学院,,国际文化贸易,全日制,战略政策规划,,专业：1(不含推免)
787,北京第二外国语学院,统考,英语学院,,国际文化贸易,全日制,文化企业跨国经营,,专业：1(不含推免)
788,北京第二外国语学院,统考,英语学院,,翻译学,全日制,英语,,专业：2(不含推免)
789,北京第二外国语学院,统考,俄语系,,俄语语言文学,全日制,应用语言学,,专业：8(不含推免)
790,北京第二外国语学院,统考,俄语系,,俄语语言文学,全日制,跨文化研究理论与实践,,专业：8(不含推免)
791,北京第二外国语学院,统考,俄语系,,俄语语言文学,全日制,俄罗斯文学,,专业：8(不含推免)
792,北京第二外国语学院,统考,俄语系,,(专业学位)俄语口译,全日制,不区分研究方向,,专业：7(不含推免)
793,北京第二外国语学院,统考,西欧语学院,,法语语言文学,全日制,应用语言学研究,,专业：3(不含推免)
794,北京第二外国语学院,统考,西欧语学院,,法语语言文学,全日制,跨文化研究,,专业：3(不含推免)
795,北京第二外国语学院,统考,西欧语学院,,德语语言文学,全日制,跨文化研究,,专业：2(不含推免)
796,北京第二外国语学院,统考,西欧语学院,,德语语言文学,全日制,外语教学比较研究,,专业：2(不含推免)
797,北京第二外国语学院,统考,西欧语学院,,西班牙语语言文学,全日制,拉丁美洲文学,,专业：1(不含推免)
798,北京第二外国语学院,统考,西欧语学院,,西班牙语语言文学,全日制,西语国家国情文化,,专业：1(不含推免)
799,北京第二外国语学院,统考,西欧语学院,,翻译学,全日制,法语,,专业：4(不含推免)
800,北京第二外国语学院,统考,西欧语学院,,翻译学,全日制,德语,,专业：4(不含推免)
801,北京第二外国语学院,统考,西欧语学院,,翻译学,全日制,西班牙语,,专业：4(不含推免)
802,北京第二外国语学院,统考,西欧语学院,,(专业学位)法语口译,全日制,不区分研究方向,,专业：2(不含推免)
803,北京第二外国语学院,统考,西欧语学院,,(专业学位)德语口译,全日制,不区分研究方向,,专业：3(不含推免)
804,北京第二外国语学院,统考,西欧语学院,,(专业学位)西班牙语口译,全日制,不区分研究方向,,专业：2(不含推免)
805,北京第二外国语学院,统考,日语学院,,日语语言文学,全日制,日语语言学(日本语教育),,专业：10(不含推免)
806,北京第二外国语学院,统考,日语学院,,日语语言文学,全日制,日本文学,,专业：10(不含推免)
807,北京第二外国语学院,统考,日语学院,,日语语言文学,全日制,日本社会与文化,,专业：10(不含推免)
808,北京第二外国语学院,统考,日语学院,,翻译学,全日制,日语,,专业：5(不含推免)
809,北京第二外国语学院,统考,日语学院,,(专业学位)日语笔译,全日制,不区分研究方向,,专业：9(不含推免)
810,北京第二外国语学院,统考,日语学院,,(专业学位)日语口译,全日制,不区分研究方向,,专业：11(不含推免)
811,北京第二外国语学院,统考,阿拉伯学院,,阿拉伯语语言文学,全日制,阿拉伯语语言文学,,专业：4(不含推免)
812,北京语言大学,统考,不区分院系所,,(专业学位)金融,全日制,区域金融合作,,专业：15(不含推免)
813,北京语言大学,统考,不区分院系所,,(专业学位)金融,全日制,金融分析,,专业：15(不含推免)
814,北京语言大学,统考,不区分院系所,,国际政治,全日制,联合国与国际组织研究,,专业：13(不含推免)
815,北京语言大学,统考,不区分院系所,,国际政治,全日制,中国外交和中外关系,,专业：13(不含推免)
816,北京语言大学,统考,不区分院系所,,国际政治,全日制,当代国际关系,,专业：13(不含推免)
817,北京语言大学,统考,不区分院系所,,国际政治,全日制,俄罗斯与中亚问题研究,,专业：13(不含推免)
818,北京语言大学,统考,不区分院系所,,国际政治,全日制,国际安全研究,,专业：13(不含推免)
819,北京语言大学,统考,不区分院系所,,国际政治,全日制,“一带一路”倡议与实践研究,,专业：13(不含推免)
820,北京语言大学,统考,不区分院系所,,国际政治,全日制,国际经济,,专业：13(不含推免)
821,北京语言大学,统考,不区分院系所,,思想政治教育,全日制,马克思主义基础理论研究,,专业：6(不含推免)
822,北京语言大学,统考,不区分院系所,,思想政治教育,全日制,思想政治教育理论与实践研究,,专业：6(不含推免)
823,北京语言大学,统考,不区分院系所,,思想政治教育,全日制,中外思想政治教育管理及比较研究,,专业：6(不含推免)
824,北京语言大学,统考,不区分院系所,,教育学原理,全日制,汉语国际教育理论,,专业：2(不含推免)
825,北京语言大学,统考,不区分院系所,,教育学原理,全日制,来华留学生教育理论,,专业：2(不含推免)
826,北京语言大学,统考,不区分院系所,,教育学原理,全日制,国际比较教育理论,,专业：2(不含推免)
827,北京语言大学,统考,不区分院系所,,课程与教学论,全日制,国际汉语教学论,,专业：12(不含推免)
828,北京语言大学,统考,不区分院系所,,课程与教学论,全日制,国际汉语课程论,,专业：12(不含推免)
829,北京语言大学,统考,不区分院系所,,课程与教学论,全日制,国际汉语学习论,,专业：12(不含推免)
830,北京语言大学,统考,不区分院系所,,课程与教学论,全日制,国际汉语教材与教学资源研究,,专业：12(不含推免)
831,北京语言大学,统考,不区分院系所,,课程与教学论,全日制,国际汉语教师发展研究,,专业：12(不含推免)
832,北京语言大学,统考,不区分院系所,,基础心理学,全日制,认知神经科学,,专业：6(不含推免)
833,北京语言大学,统考,不区分院系所,,基础心理学,全日制,语言习得与认知,,专业：6(不含推免)
834,北京语言大学,统考,不区分院系所,,基础心理学,全日制,心理测量,,专业：6(不含推免)
835,北京语言大学,统考,不区分院系所,,发展与教育心理学,全日制,认知发展,,专业：6(不含推免)
836,北京语言大学,统考,不区分院系所,,发展与教育心理学,全日制,教育心理,,专业：6(不含推免)
837,北京语言大学,统考,不区分院系所,,(专业学位)汉语国际教育,全日制,不区分研究方向,,专业：65(不含推免)
838,北京语言大学,统考,不区分院系所,,文艺学,全日制,审美文化研究,,专业：3(不含推免)
839,北京语言大学,统考,不区分院系所,,文艺学,全日制,中国古代文学理论,,专业：3(不含推免)
840,北京语言大学,统考,不区分院系所,,文艺学,全日制,文艺美学,,专业：3(不含推免)
841,北京语言大学,统考,不区分院系所,,文艺学,全日制,中西文论比较,,专业：3(不含推免)
842,中国传媒大学,统考,电视学院,,互联网信息,全日制,视听新媒体,,专业：4(不含推免)
843,中国传媒大学,统考,电视学院,,广播电视学,全日制,广播电视史论,,专业：50(不含推免)
844,中国传媒大学,统考,电视学院,,广播电视学,全日制,电视学,,专业：50(不含推免)
845,中国传媒大学,统考,电视学院,,广播电视学,全日制,纪录片学,,专业：50(不含推免)
846,中国传媒大学,统考,电视学院,,广播电视学,全日制,新媒体传播,,专业：50(不含推免)
847,中国传媒大学,统考,电视学院,,广播电视学,全日制,互联网与社会,,专业：50(不含推免)
848,中国传媒大学,统考,电视学院,,(专业学位)新闻与传播,全日制,国际新闻与传播,,专业：39(不含推免)
849,中国传媒大学,统考,电视学院,,(专业学位)新闻与传播,全日制,电视新闻采编,,专业：39(不含推免)
850,中国传媒大学,统考,电视学院,,(专业学位)新闻与传播,全日制,新媒体采编实务,,专业：39(不含推免)
851,中国传媒大学,统考,电视学院,,(专业学位)新闻与传播,全日制,体育新闻与传播,,专业：39(不含推免)
852,中国传媒大学,统考,电视学院,,广播电视艺术学,全日制,电视艺术理论,,专业：7(不含推免)
853,中国传媒大学,统考,电视学院,,(专业学位)广播电视,全日制,媒体策划与运营,,专业：50(不含推免)
854,中国传媒大学,统考,电视学院,,(专业学位)广播电视,全日制,电视编导,,专业：50(不含推免)
855,中国传媒大学,统考,电视学院,,(专业学位)广播电视,非全日制,电视策划与运营,,专业：20(不含推免)
856,中国传媒大学,统考,电视学院,,(专业学位)广播电视,非全日制,电视编导,,专业：20(不含推免)
857,中国传媒大学,统考,新闻学院,,新闻学,全日制,新闻史,,专业：40(不含推免)
858,中国传媒大学,统考,新闻学院,,新闻学,全日制,新闻理论,,专业：40(不含推免)
859,中国传媒大学,统考,新闻学院,,新闻学,全日制,新闻业务,,专业：40(不含推免)
860,中国传媒大学,统考,新闻学院,,新闻学,全日制,网络新闻及新媒体,,专业：40(不含推免)
861,中国传媒大学,统考,新闻学院,,新闻学,全日制,报刊理论与实践,,专业：40(不含推免)
862,中国传媒大学,统考,新闻学院,,传播学,全日制,传播研究方法,,专业：10(不含推免)
863,中国传媒大学,统考,新闻学院,,传播学,全日制,传播心理学,,专业：10(不含推免)
864,中国传媒大学,统考,新闻学院,,广播电视学,全日制,广播学,,专业：5(不含推免)
865,中国传媒大学,统考,新闻学院,,舆论学,全日制,舆论学基础,,专业：3(不含推免)
866,中国传媒大学,统考,新闻学院,,舆论学,全日制,应用舆论学,,专业：3(不含推免)
867,中国传媒大学,统考,新闻学院,,(专业学位)新闻与传播,全日制,新闻实务,,专业：28(不含推免)
868,中国传媒大学,统考,新闻学院,,(专业学位)新闻与传播,全日制,媒体市场研究,,专业：28(不含推免)
869,中国传媒大学,统考,广告学院,,新媒体,全日制,新媒体产业,,专业：5(不含推免)
870,中国传媒大学,统考,广告学院,,广告学,全日制,广告理论与广告史,,专业：25(不含推免)
871,中国传媒大学,统考,广告学院,,广告学,全日制,广告实务,,专业：25(不含推免)
